subject,seed,method,requested_fraction,actual_fraction,calibration_count,test_count,calibration_counts,test_counts,calibration_trial_ids,test_trial_ids,valid,invalid_reason,source_best_val_f1,source_best_epoch,source_epochs_run,accuracy,f1_macro,precision_macro,recall_macro,kappa
VP001,2023,pooled_refit,0.30,0.3055555555555556,22,50,"{""0"": 11, ""1"": 11}","{""0"": 25, ""1"": 25}","[""atten_dsr_VP001_gonogo1_task_002_00"", ""atten_dsr_VP001_gonogo1_task_003_00"", ""atten_dsr_VP001_gonogo1_task_004_00"", ""atten_dsr_VP001_gonogo1_task_004_01"", ""atten_dsr_VP001_gonogo1_rest_004_00"", ""atten_dsr_VP001_gonogo1_task_005_00"", ""atten_dsr_VP001_gonogo1_rest_006_01"", ""atten_dsr_VP001_gonogo2_task_001_00"", ""atten_dsr_VP001_gonogo2_rest_001_01"", ""atten_dsr_VP001_gonogo2_rest_002_00"", ""atten_dsr_VP001_gonogo2_rest_003_01"", ""atten_dsr_VP001_gonogo2_task_004_01"", ""atten_dsr_VP001_gonogo2_rest_004_00"", ""atten_dsr_VP001_gonogo2_rest_006_00"", ""atten_dsr_VP001_gonogo3_task_001_00"", ""atten_dsr_VP001_gonogo3_task_001_01"", ""atten_dsr_VP001_gonogo3_rest_001_00"", ""atten_dsr_VP001_gonogo3_rest_002_00"", ""atten_dsr_VP001_gonogo3_task_003_00"", ""atten_dsr_VP001_gonogo3_rest_003_00"", ""atten_dsr_VP001_gonogo3_task_004_00"", ""atten_dsr_VP001_gonogo3_rest_005_00""]","[""atten_dsr_VP001_gonogo1_task_001_00"", ""atten_dsr_VP001_gonogo1_task_001_01"", ""atten_dsr_VP001_gonogo1_rest_001_00"", ""atten_dsr_VP001_gonogo1_rest_001_01"", ""atten_dsr_VP001_gonogo1_task_002_01"", ""atten_dsr_VP001_gonogo1_rest_002_00"", ""atten_dsr_VP001_gonogo1_rest_002_01"", ""atten_dsr_VP001_gonogo1_task_003_01"", ""atten_dsr_VP001_gonogo1_rest_003_00"", ""atten_dsr_VP001_gonogo1_rest_003_01"", ""atten_dsr_VP001_gonogo1_rest_004_01"", ""atten_dsr_VP001_gonogo1_task_005_01"", ""atten_dsr_VP001_gonogo1_rest_005_00"", ""atten_dsr_VP001_gonogo1_rest_005_01"", ""atten_dsr_VP001_gonogo1_task_006_00"", ""atten_dsr_VP001_gonogo1_task_006_01"", ""atten_dsr_VP001_gonogo1_rest_006_00"", ""atten_dsr_VP001_gonogo2_task_001_01"", ""atten_dsr_VP001_gonogo2_rest_001_00"", ""atten_dsr_VP001_gonogo2_task_002_00"", ""atten_dsr_VP001_gonogo2_task_002_01"", ""atten_dsr_VP001_gonogo2_rest_002_01"", ""atten_dsr_VP001_gonogo2_task_003_00"", ""atten_dsr_VP001_gonogo2_task_003_01"", ""atten_dsr_VP001_gonogo2_rest_003_00"", ""atten_dsr_VP001_gonogo2_task_004_00"", ""atten_dsr_VP001_gonogo2_rest_004_01"", ""atten_dsr_VP001_gonogo2_task_005_00"", ""atten_dsr_VP001_gonogo2_task_005_01"", ""atten_dsr_VP001_gonogo2_rest_005_00"", ""atten_dsr_VP001_gonogo2_rest_005_01"", ""atten_dsr_VP001_gonogo2_task_006_00"", ""atten_dsr_VP001_gonogo2_task_006_01"", ""atten_dsr_VP001_gonogo2_rest_006_01"", ""atten_dsr_VP001_gonogo3_rest_001_01"", ""atten_dsr_VP001_gonogo3_task_002_00"", ""atten_dsr_VP001_gonogo3_task_002_01"", ""atten_dsr_VP001_gonogo3_rest_002_01"", ""atten_dsr_VP001_gonogo3_task_003_01"", ""atten_dsr_VP001_gonogo3_rest_003_01"", ""atten_dsr_VP001_gonogo3_task_004_01"", ""atten_dsr_VP001_gonogo3_rest_004_00"", ""atten_dsr_VP001_gonogo3_rest_004_01"", ""atten_dsr_VP001_gonogo3_task_005_00"", ""atten_dsr_VP001_gonogo3_task_005_01"", ""atten_dsr_VP001_gonogo3_rest_005_01"", ""atten_dsr_VP001_gonogo3_task_006_00"", ""atten_dsr_VP001_gonogo3_task_006_01"", ""atten_dsr_VP001_gonogo3_rest_006_00"", ""atten_dsr_VP001_gonogo3_rest_006_01""]",True,,0.6689113355780023,58,88,0.64,0.6394230769230769,0.6409017713365539,0.64,0.28
VP002,2023,pooled_refit,0.30,0.3055555555555556,22,50,"{""0"": 11, ""1"": 11}","{""0"": 25, ""1"": 25}","[""atten_dsr_VP002_gonogo1_task_002_00"", ""atten_dsr_VP002_gonogo1_task_003_00"", ""atten_dsr_VP002_gonogo1_task_004_00"", ""atten_dsr_VP002_gonogo1_task_004_01"", ""atten_dsr_VP002_gonogo1_rest_004_00"", ""atten_dsr_VP002_gonogo1_task_005_00"", ""atten_dsr_VP002_gonogo1_rest_006_01"", ""atten_dsr_VP002_gonogo2_task_001_00"", ""atten_dsr_VP002_gonogo2_rest_001_01"", ""atten_dsr_VP002_gonogo2_rest_002_00"", ""atten_dsr_VP002_gonogo2_rest_003_01"", ""atten_dsr_VP002_gonogo2_task_004_01"", ""atten_dsr_VP002_gonogo2_rest_004_00"", ""atten_dsr_VP002_gonogo2_rest_006_00"", ""atten_dsr_VP002_gonogo3_task_001_00"", ""atten_dsr_VP002_gonogo3_task_001_01"", ""atten_dsr_VP002_gonogo3_rest_001_00"", ""atten_dsr_VP002_gonogo3_rest_002_00"", ""atten_dsr_VP002_gonogo3_task_003_00"", ""atten_dsr_VP002_gonogo3_rest_003_00"", ""atten_dsr_VP002_gonogo3_task_004_00"", ""atten_dsr_VP002_gonogo3_rest_005_00""]","[""atten_dsr_VP002_gonogo1_task_001_00"", ""atten_dsr_VP002_gonogo1_task_001_01"", ""atten_dsr_VP002_gonogo1_rest_001_00"", ""atten_dsr_VP002_gonogo1_rest_001_01"", ""atten_dsr_VP002_gonogo1_task_002_01"", ""atten_dsr_VP002_gonogo1_rest_002_00"", ""atten_dsr_VP002_gonogo1_rest_002_01"", ""atten_dsr_VP002_gonogo1_task_003_01"", ""atten_dsr_VP002_gonogo1_rest_003_00"", ""atten_dsr_VP002_gonogo1_rest_003_01"", ""atten_dsr_VP002_gonogo1_rest_004_01"", ""atten_dsr_VP002_gonogo1_task_005_01"", ""atten_dsr_VP002_gonogo1_rest_005_00"", ""atten_dsr_VP002_gonogo1_rest_005_01"", ""atten_dsr_VP002_gonogo1_task_006_00"", ""atten_dsr_VP002_gonogo1_task_006_01"", ""atten_dsr_VP002_gonogo1_rest_006_00"", ""atten_dsr_VP002_gonogo2_task_001_01"", ""atten_dsr_VP002_gonogo2_rest_001_00"", ""atten_dsr_VP002_gonogo2_task_002_00"", ""atten_dsr_VP002_gonogo2_task_002_01"", ""atten_dsr_VP002_gonogo2_rest_002_01"", ""atten_dsr_VP002_gonogo2_task_003_00"", ""atten_dsr_VP002_gonogo2_task_003_01"", ""atten_dsr_VP002_gonogo2_rest_003_00"", ""atten_dsr_VP002_gonogo2_task_004_00"", ""atten_dsr_VP002_gonogo2_rest_004_01"", ""atten_dsr_VP002_gonogo2_task_005_00"", ""atten_dsr_VP002_gonogo2_task_005_01"", ""atten_dsr_VP002_gonogo2_rest_005_00"", ""atten_dsr_VP002_gonogo2_rest_005_01"", ""atten_dsr_VP002_gonogo2_task_006_00"", ""atten_dsr_VP002_gonogo2_task_006_01"", ""atten_dsr_VP002_gonogo2_rest_006_01"", ""atten_dsr_VP002_gonogo3_rest_001_01"", ""atten_dsr_VP002_gonogo3_task_002_00"", ""atten_dsr_VP002_gonogo3_task_002_01"", ""atten_dsr_VP002_gonogo3_rest_002_01"", ""atten_dsr_VP002_gonogo3_task_003_01"", ""atten_dsr_VP002_gonogo3_rest_003_01"", ""atten_dsr_VP002_gonogo3_task_004_01"", ""atten_dsr_VP002_gonogo3_rest_004_00"", ""atten_dsr_VP002_gonogo3_rest_004_01"", ""atten_dsr_VP002_gonogo3_task_005_00"", ""atten_dsr_VP002_gonogo3_task_005_01"", ""atten_dsr_VP002_gonogo3_rest_005_01"", ""atten_dsr_VP002_gonogo3_task_006_00"", ""atten_dsr_VP002_gonogo3_task_006_01"", ""atten_dsr_VP002_gonogo3_rest_006_00"", ""atten_dsr_VP002_gonogo3_rest_006_01""]",True,,0.6637617617772151,52,82,0.64,0.6305418719211823,0.6559714795008913,0.64,0.28
VP003,2023,pooled_refit,0.30,0.3055555555555556,22,50,"{""0"": 11, ""1"": 11}","{""0"": 25, ""1"": 25}","[""atten_dsr_VP003_gonogo1_task_002_00"", ""atten_dsr_VP003_gonogo1_task_003_00"", ""atten_dsr_VP003_gonogo1_task_004_00"", ""atten_dsr_VP003_gonogo1_task_004_01"", ""atten_dsr_VP003_gonogo1_rest_004_00"", ""atten_dsr_VP003_gonogo1_task_005_00"", ""atten_dsr_VP003_gonogo1_rest_006_01"", ""atten_dsr_VP003_gonogo2_task_001_00"", ""atten_dsr_VP003_gonogo2_rest_001_01"", ""atten_dsr_VP003_gonogo2_rest_002_00"", ""atten_dsr_VP003_gonogo2_rest_003_01"", ""atten_dsr_VP003_gonogo2_task_004_01"", ""atten_dsr_VP003_gonogo2_rest_004_00"", ""atten_dsr_VP003_gonogo2_rest_006_00"", ""atten_dsr_VP003_gonogo3_task_001_00"", ""atten_dsr_VP003_gonogo3_task_001_01"", ""atten_dsr_VP003_gonogo3_rest_001_00"", ""atten_dsr_VP003_gonogo3_rest_002_00"", ""atten_dsr_VP003_gonogo3_task_003_00"", ""atten_dsr_VP003_gonogo3_rest_003_00"", ""atten_dsr_VP003_gonogo3_task_004_00"", ""atten_dsr_VP003_gonogo3_rest_005_00""]","[""atten_dsr_VP003_gonogo1_task_001_00"", ""atten_dsr_VP003_gonogo1_task_001_01"", ""atten_dsr_VP003_gonogo1_rest_001_00"", ""atten_dsr_VP003_gonogo1_rest_001_01"", ""atten_dsr_VP003_gonogo1_task_002_01"", ""atten_dsr_VP003_gonogo1_rest_002_00"", ""atten_dsr_VP003_gonogo1_rest_002_01"", ""atten_dsr_VP003_gonogo1_task_003_01"", ""atten_dsr_VP003_gonogo1_rest_003_00"", ""atten_dsr_VP003_gonogo1_rest_003_01"", ""atten_dsr_VP003_gonogo1_rest_004_01"", ""atten_dsr_VP003_gonogo1_task_005_01"", ""atten_dsr_VP003_gonogo1_rest_005_00"", ""atten_dsr_VP003_gonogo1_rest_005_01"", ""atten_dsr_VP003_gonogo1_task_006_00"", ""atten_dsr_VP003_gonogo1_task_006_01"", ""atten_dsr_VP003_gonogo1_rest_006_00"", ""atten_dsr_VP003_gonogo2_task_001_01"", ""atten_dsr_VP003_gonogo2_rest_001_00"", ""atten_dsr_VP003_gonogo2_task_002_00"", ""atten_dsr_VP003_gonogo2_task_002_01"", ""atten_dsr_VP003_gonogo2_rest_002_01"", ""atten_dsr_VP003_gonogo2_task_003_00"", ""atten_dsr_VP003_gonogo2_task_003_01"", ""atten_dsr_VP003_gonogo2_rest_003_00"", ""atten_dsr_VP003_gonogo2_task_004_00"", ""atten_dsr_VP003_gonogo2_rest_004_01"", ""atten_dsr_VP003_gonogo2_task_005_00"", ""atten_dsr_VP003_gonogo2_task_005_01"", ""atten_dsr_VP003_gonogo2_rest_005_00"", ""atten_dsr_VP003_gonogo2_rest_005_01"", ""atten_dsr_VP003_gonogo2_task_006_00"", ""atten_dsr_VP003_gonogo2_task_006_01"", ""atten_dsr_VP003_gonogo2_rest_006_01"", ""atten_dsr_VP003_gonogo3_rest_001_01"", ""atten_dsr_VP003_gonogo3_task_002_00"", ""atten_dsr_VP003_gonogo3_task_002_01"", ""atten_dsr_VP003_gonogo3_rest_002_01"", ""atten_dsr_VP003_gonogo3_task_003_01"", ""atten_dsr_VP003_gonogo3_rest_003_01"", ""atten_dsr_VP003_gonogo3_task_004_01"", ""atten_dsr_VP003_gonogo3_rest_004_00"", ""atten_dsr_VP003_gonogo3_rest_004_01"", ""atten_dsr_VP003_gonogo3_task_005_00"", ""atten_dsr_VP003_gonogo3_task_005_01"", ""atten_dsr_VP003_gonogo3_rest_005_01"", ""atten_dsr_VP003_gonogo3_task_006_00"", ""atten_dsr_VP003_gonogo3_task_006_01"", ""atten_dsr_VP003_gonogo3_rest_006_00"", ""atten_dsr_VP003_gonogo3_rest_006_01""]",True,,0.6832453459294248,78,100,0.5,0.415614773258532,0.5,0.5,0.0
VP004,2023,pooled_refit,0.30,0.3055555555555556,22,50,"{""0"": 11, ""1"": 11}","{""0"": 25, ""1"": 25}","[""atten_dsr_VP004_gonogo1_task_002_00"", ""atten_dsr_VP004_gonogo1_task_003_00"", ""atten_dsr_VP004_gonogo1_task_004_00"", ""atten_dsr_VP004_gonogo1_task_004_01"", ""atten_dsr_VP004_gonogo1_rest_004_00"", ""atten_dsr_VP004_gonogo1_task_005_00"", ""atten_dsr_VP004_gonogo1_rest_006_01"", ""atten_dsr_VP004_gonogo2_task_001_00"", ""atten_dsr_VP004_gonogo2_rest_001_01"", ""atten_dsr_VP004_gonogo2_rest_002_00"", ""atten_dsr_VP004_gonogo2_rest_003_01"", ""atten_dsr_VP004_gonogo2_task_004_01"", ""atten_dsr_VP004_gonogo2_rest_004_00"", ""atten_dsr_VP004_gonogo2_rest_006_00"", ""atten_dsr_VP004_gonogo3_task_001_00"", ""atten_dsr_VP004_gonogo3_task_001_01"", ""atten_dsr_VP004_gonogo3_rest_001_00"", ""atten_dsr_VP004_gonogo3_rest_002_00"", ""atten_dsr_VP004_gonogo3_task_003_00"", ""atten_dsr_VP004_gonogo3_rest_003_00"", ""atten_dsr_VP004_gonogo3_task_004_00"", ""atten_dsr_VP004_gonogo3_rest_005_00""]","[""atten_dsr_VP004_gonogo1_task_001_00"", ""atten_dsr_VP004_gonogo1_task_001_01"", ""atten_dsr_VP004_gonogo1_rest_001_00"", ""atten_dsr_VP004_gonogo1_rest_001_01"", ""atten_dsr_VP004_gonogo1_task_002_01"", ""atten_dsr_VP004_gonogo1_rest_002_00"", ""atten_dsr_VP004_gonogo1_rest_002_01"", ""atten_dsr_VP004_gonogo1_task_003_01"", ""atten_dsr_VP004_gonogo1_rest_003_00"", ""atten_dsr_VP004_gonogo1_rest_003_01"", ""atten_dsr_VP004_gonogo1_rest_004_01"", ""atten_dsr_VP004_gonogo1_task_005_01"", ""atten_dsr_VP004_gonogo1_rest_005_00"", ""atten_dsr_VP004_gonogo1_rest_005_01"", ""atten_dsr_VP004_gonogo1_task_006_00"", ""atten_dsr_VP004_gonogo1_task_006_01"", ""atten_dsr_VP004_gonogo1_rest_006_00"", ""atten_dsr_VP004_gonogo2_task_001_01"", ""atten_dsr_VP004_gonogo2_rest_001_00"", ""atten_dsr_VP004_gonogo2_task_002_00"", ""atten_dsr_VP004_gonogo2_task_002_01"", ""atten_dsr_VP004_gonogo2_rest_002_01"", ""atten_dsr_VP004_gonogo2_task_003_00"", ""atten_dsr_VP004_gonogo2_task_003_01"", ""atten_dsr_VP004_gonogo2_rest_003_00"", ""atten_dsr_VP004_gonogo2_task_004_00"", ""atten_dsr_VP004_gonogo2_rest_004_01"", ""atten_dsr_VP004_gonogo2_task_005_00"", ""atten_dsr_VP004_gonogo2_task_005_01"", ""atten_dsr_VP004_gonogo2_rest_005_00"", ""atten_dsr_VP004_gonogo2_rest_005_01"", ""atten_dsr_VP004_gonogo2_task_006_00"", ""atten_dsr_VP004_gonogo2_task_006_01"", ""atten_dsr_VP004_gonogo2_rest_006_01"", ""atten_dsr_VP004_gonogo3_rest_001_01"", ""atten_dsr_VP004_gonogo3_task_002_00"", ""atten_dsr_VP004_gonogo3_task_002_01"", ""atten_dsr_VP004_gonogo3_rest_002_01"", ""atten_dsr_VP004_gonogo3_task_003_01"", ""atten_dsr_VP004_gonogo3_rest_003_01"", ""atten_dsr_VP004_gonogo3_task_004_01"", ""atten_dsr_VP004_gonogo3_rest_004_00"", ""atten_dsr_VP004_gonogo3_rest_004_01"", ""atten_dsr_VP004_gonogo3_task_005_00"", ""atten_dsr_VP004_gonogo3_task_005_01"", ""atten_dsr_VP004_gonogo3_rest_005_01"", ""atten_dsr_VP004_gonogo3_task_006_00"", ""atten_dsr_VP004_gonogo3_task_006_01"", ""atten_dsr_VP004_gonogo3_rest_006_00"", ""atten_dsr_VP004_gonogo3_rest_006_01""]",True,,0.671400724032303,45,75,0.52,0.5169082125603865,0.5205254515599343,0.52,0.040000000000000036
VP005,2023,pooled_refit,0.30,0.3055555555555556,22,50,"{""0"": 11, ""1"": 11}","{""0"": 25, ""1"": 25}","[""atten_dsr_VP005_gonogo1_task_002_00"", ""atten_dsr_VP005_gonogo1_task_003_00"", ""atten_dsr_VP005_gonogo1_task_004_00"", ""atten_dsr_VP005_gonogo1_task_004_01"", ""atten_dsr_VP005_gonogo1_rest_004_00"", ""atten_dsr_VP005_gonogo1_task_005_00"", ""atten_dsr_VP005_gonogo1_rest_006_01"", ""atten_dsr_VP005_gonogo2_task_001_00"", ""atten_dsr_VP005_gonogo2_rest_001_01"", ""atten_dsr_VP005_gonogo2_rest_002_00"", ""atten_dsr_VP005_gonogo2_rest_003_01"", ""atten_dsr_VP005_gonogo2_task_004_01"", ""atten_dsr_VP005_gonogo2_rest_004_00"", ""atten_dsr_VP005_gonogo2_rest_006_00"", ""atten_dsr_VP005_gonogo3_task_001_00"", ""atten_dsr_VP005_gonogo3_task_001_01"", ""atten_dsr_VP005_gonogo3_rest_001_00"", ""atten_dsr_VP005_gonogo3_rest_002_00"", ""atten_dsr_VP005_gonogo3_task_003_00"", ""atten_dsr_VP005_gonogo3_rest_003_00"", ""atten_dsr_VP005_gonogo3_task_004_00"", ""atten_dsr_VP005_gonogo3_rest_005_00""]","[""atten_dsr_VP005_gonogo1_task_001_00"", ""atten_dsr_VP005_gonogo1_task_001_01"", ""atten_dsr_VP005_gonogo1_rest_001_00"", ""atten_dsr_VP005_gonogo1_rest_001_01"", ""atten_dsr_VP005_gonogo1_task_002_01"", ""atten_dsr_VP005_gonogo1_rest_002_00"", ""atten_dsr_VP005_gonogo1_rest_002_01"", ""atten_dsr_VP005_gonogo1_task_003_01"", ""atten_dsr_VP005_gonogo1_rest_003_00"", ""atten_dsr_VP005_gonogo1_rest_003_01"", ""atten_dsr_VP005_gonogo1_rest_004_01"", ""atten_dsr_VP005_gonogo1_task_005_01"", ""atten_dsr_VP005_gonogo1_rest_005_00"", ""atten_dsr_VP005_gonogo1_rest_005_01"", ""atten_dsr_VP005_gonogo1_task_006_00"", ""atten_dsr_VP005_gonogo1_task_006_01"", ""atten_dsr_VP005_gonogo1_rest_006_00"", ""atten_dsr_VP005_gonogo2_task_001_01"", ""atten_dsr_VP005_gonogo2_rest_001_00"", ""atten_dsr_VP005_gonogo2_task_002_00"", ""atten_dsr_VP005_gonogo2_task_002_01"", ""atten_dsr_VP005_gonogo2_rest_002_01"", ""atten_dsr_VP005_gonogo2_task_003_00"", ""atten_dsr_VP005_gonogo2_task_003_01"", ""atten_dsr_VP005_gonogo2_rest_003_00"", ""atten_dsr_VP005_gonogo2_task_004_00"", ""atten_dsr_VP005_gonogo2_rest_004_01"", ""atten_dsr_VP005_gonogo2_task_005_00"", ""atten_dsr_VP005_gonogo2_task_005_01"", ""atten_dsr_VP005_gonogo2_rest_005_00"", ""atten_dsr_VP005_gonogo2_rest_005_01"", ""atten_dsr_VP005_gonogo2_task_006_00"", ""atten_dsr_VP005_gonogo2_task_006_01"", ""atten_dsr_VP005_gonogo2_rest_006_01"", ""atten_dsr_VP005_gonogo3_rest_001_01"", ""atten_dsr_VP005_gonogo3_task_002_00"", ""atten_dsr_VP005_gonogo3_task_002_01"", ""atten_dsr_VP005_gonogo3_rest_002_01"", ""atten_dsr_VP005_gonogo3_task_003_01"", ""atten_dsr_VP005_gonogo3_rest_003_01"", ""atten_dsr_VP005_gonogo3_task_004_01"", ""atten_dsr_VP005_gonogo3_rest_004_00"", ""atten_dsr_VP005_gonogo3_rest_004_01"", ""atten_dsr_VP005_gonogo3_task_005_00"", ""atten_dsr_VP005_gonogo3_task_005_01"", ""atten_dsr_VP005_gonogo3_rest_005_01"", ""atten_dsr_VP005_gonogo3_task_006_00"", ""atten_dsr_VP005_gonogo3_task_006_01"", ""atten_dsr_VP005_gonogo3_rest_006_00"", ""atten_dsr_VP005_gonogo3_rest_006_01""]",True,,0.6930803571428572,58,88,0.68,0.6753246753246753,0.6910016977928692,0.68,0.36
VP006,2023,pooled_refit,0.30,0.3055555555555556,22,50,"{""0"": 11, ""1"": 11}","{""0"": 25, ""1"": 25}","[""atten_dsr_VP006_gonogo1_task_002_00"", ""atten_dsr_VP006_gonogo1_task_003_00"", ""atten_dsr_VP006_gonogo1_task_004_00"", ""atten_dsr_VP006_gonogo1_task_004_01"", ""atten_dsr_VP006_gonogo1_rest_004_00"", ""atten_dsr_VP006_gonogo1_task_005_00"", ""atten_dsr_VP006_gonogo1_rest_006_01"", ""atten_dsr_VP006_gonogo2_task_001_00"", ""atten_dsr_VP006_gonogo2_rest_001_01"", ""atten_dsr_VP006_gonogo2_rest_002_00"", ""atten_dsr_VP006_gonogo2_rest_003_01"", ""atten_dsr_VP006_gonogo2_task_004_01"", ""atten_dsr_VP006_gonogo2_rest_004_00"", ""atten_dsr_VP006_gonogo2_rest_006_00"", ""atten_dsr_VP006_gonogo3_task_001_00"", ""atten_dsr_VP006_gonogo3_task_001_01"", ""atten_dsr_VP006_gonogo3_rest_001_00"", ""atten_dsr_VP006_gonogo3_rest_002_00"", ""atten_dsr_VP006_gonogo3_task_003_00"", ""atten_dsr_VP006_gonogo3_rest_003_00"", ""atten_dsr_VP006_gonogo3_task_004_00"", ""atten_dsr_VP006_gonogo3_rest_005_00""]","[""atten_dsr_VP006_gonogo1_task_001_00"", ""atten_dsr_VP006_gonogo1_task_001_01"", ""atten_dsr_VP006_gonogo1_rest_001_00"", ""atten_dsr_VP006_gonogo1_rest_001_01"", ""atten_dsr_VP006_gonogo1_task_002_01"", ""atten_dsr_VP006_gonogo1_rest_002_00"", ""atten_dsr_VP006_gonogo1_rest_002_01"", ""atten_dsr_VP006_gonogo1_task_003_01"", ""atten_dsr_VP006_gonogo1_rest_003_00"", ""atten_dsr_VP006_gonogo1_rest_003_01"", ""atten_dsr_VP006_gonogo1_rest_004_01"", ""atten_dsr_VP006_gonogo1_task_005_01"", ""atten_dsr_VP006_gonogo1_rest_005_00"", ""atten_dsr_VP006_gonogo1_rest_005_01"", ""atten_dsr_VP006_gonogo1_task_006_00"", ""atten_dsr_VP006_gonogo1_task_006_01"", ""atten_dsr_VP006_gonogo1_rest_006_00"", ""atten_dsr_VP006_gonogo2_task_001_01"", ""atten_dsr_VP006_gonogo2_rest_001_00"", ""atten_dsr_VP006_gonogo2_task_002_00"", ""atten_dsr_VP006_gonogo2_task_002_01"", ""atten_dsr_VP006_gonogo2_rest_002_01"", ""atten_dsr_VP006_gonogo2_task_003_00"", ""atten_dsr_VP006_gonogo2_task_003_01"", ""atten_dsr_VP006_gonogo2_rest_003_00"", ""atten_dsr_VP006_gonogo2_task_004_00"", ""atten_dsr_VP006_gonogo2_rest_004_01"", ""atten_dsr_VP006_gonogo2_task_005_00"", ""atten_dsr_VP006_gonogo2_task_005_01"", ""atten_dsr_VP006_gonogo2_rest_005_00"", ""atten_dsr_VP006_gonogo2_rest_005_01"", ""atten_dsr_VP006_gonogo2_task_006_00"", ""atten_dsr_VP006_gonogo2_task_006_01"", ""atten_dsr_VP006_gonogo2_rest_006_01"", ""atten_dsr_VP006_gonogo3_rest_001_01"", ""atten_dsr_VP006_gonogo3_task_002_00"", ""atten_dsr_VP006_gonogo3_task_002_01"", ""atten_dsr_VP006_gonogo3_rest_002_01"", ""atten_dsr_VP006_gonogo3_task_003_01"", ""atten_dsr_VP006_gonogo3_rest_003_01"", ""atten_dsr_VP006_gonogo3_task_004_01"", ""atten_dsr_VP006_gonogo3_rest_004_00"", ""atten_dsr_VP006_gonogo3_rest_004_01"", ""atten_dsr_VP006_gonogo3_task_005_00"", ""atten_dsr_VP006_gonogo3_task_005_01"", ""atten_dsr_VP006_gonogo3_rest_005_01"", ""atten_dsr_VP006_gonogo3_task_006_00"", ""atten_dsr_VP006_gonogo3_task_006_01"", ""atten_dsr_VP006_gonogo3_rest_006_00"", ""atten_dsr_VP006_gonogo3_rest_006_01""]",True,,0.693981638898334,87,100,0.64,0.6347402597402598,0.6485568760611206,0.64,0.28
VP007,2023,pooled_refit,0.30,0.3055555555555556,22,50,"{""0"": 11, ""1"": 11}","{""0"": 25, ""1"": 25}","[""atten_dsr_VP007_gonogo1_task_002_00"", ""atten_dsr_VP007_gonogo1_task_003_00"", ""atten_dsr_VP007_gonogo1_task_004_00"", ""atten_dsr_VP007_gonogo1_task_004_01"", ""atten_dsr_VP007_gonogo1_rest_004_00"", ""atten_dsr_VP007_gonogo1_task_005_00"", ""atten_dsr_VP007_gonogo1_rest_006_01"", ""atten_dsr_VP007_gonogo2_task_001_00"", ""atten_dsr_VP007_gonogo2_rest_001_01"", ""atten_dsr_VP007_gonogo2_rest_002_00"", ""atten_dsr_VP007_gonogo2_rest_003_01"", ""atten_dsr_VP007_gonogo2_task_004_01"", ""atten_dsr_VP007_gonogo2_rest_004_00"", ""atten_dsr_VP007_gonogo2_rest_006_00"", ""atten_dsr_VP007_gonogo3_task_001_00"", ""atten_dsr_VP007_gonogo3_task_001_01"", ""atten_dsr_VP007_gonogo3_rest_001_00"", ""atten_dsr_VP007_gonogo3_rest_002_00"", ""atten_dsr_VP007_gonogo3_task_003_00"", ""atten_dsr_VP007_gonogo3_rest_003_00"", ""atten_dsr_VP007_gonogo3_task_004_00"", ""atten_dsr_VP007_gonogo3_rest_005_00""]","[""atten_dsr_VP007_gonogo1_task_001_00"", ""atten_dsr_VP007_gonogo1_task_001_01"", ""atten_dsr_VP007_gonogo1_rest_001_00"", ""atten_dsr_VP007_gonogo1_rest_001_01"", ""atten_dsr_VP007_gonogo1_task_002_01"", ""atten_dsr_VP007_gonogo1_rest_002_00"", ""atten_dsr_VP007_gonogo1_rest_002_01"", ""atten_dsr_VP007_gonogo1_task_003_01"", ""atten_dsr_VP007_gonogo1_rest_003_00"", ""atten_dsr_VP007_gonogo1_rest_003_01"", ""atten_dsr_VP007_gonogo1_rest_004_01"", ""atten_dsr_VP007_gonogo1_task_005_01"", ""atten_dsr_VP007_gonogo1_rest_005_00"", ""atten_dsr_VP007_gonogo1_rest_005_01"", ""atten_dsr_VP007_gonogo1_task_006_00"", ""atten_dsr_VP007_gonogo1_task_006_01"", ""atten_dsr_VP007_gonogo1_rest_006_00"", ""atten_dsr_VP007_gonogo2_task_001_01"", ""atten_dsr_VP007_gonogo2_rest_001_00"", ""atten_dsr_VP007_gonogo2_task_002_00"", ""atten_dsr_VP007_gonogo2_task_002_01"", ""atten_dsr_VP007_gonogo2_rest_002_01"", ""atten_dsr_VP007_gonogo2_task_003_00"", ""atten_dsr_VP007_gonogo2_task_003_01"", ""atten_dsr_VP007_gonogo2_rest_003_00"", ""atten_dsr_VP007_gonogo2_task_004_00"", ""atten_dsr_VP007_gonogo2_rest_004_01"", ""atten_dsr_VP007_gonogo2_task_005_00"", ""atten_dsr_VP007_gonogo2_task_005_01"", ""atten_dsr_VP007_gonogo2_rest_005_00"", ""atten_dsr_VP007_gonogo2_rest_005_01"", ""atten_dsr_VP007_gonogo2_task_006_00"", ""atten_dsr_VP007_gonogo2_task_006_01"", ""atten_dsr_VP007_gonogo2_rest_006_01"", ""atten_dsr_VP007_gonogo3_rest_001_01"", ""atten_dsr_VP007_gonogo3_task_002_00"", ""atten_dsr_VP007_gonogo3_task_002_01"", ""atten_dsr_VP007_gonogo3_rest_002_01"", ""atten_dsr_VP007_gonogo3_task_003_01"", ""atten_dsr_VP007_gonogo3_rest_003_01"", ""atten_dsr_VP007_gonogo3_task_004_01"", ""atten_dsr_VP007_gonogo3_rest_004_00"", ""atten_dsr_VP007_gonogo3_rest_004_01"", ""atten_dsr_VP007_gonogo3_task_005_00"", ""atten_dsr_VP007_gonogo3_task_005_01"", ""atten_dsr_VP007_gonogo3_rest_005_01"", ""atten_dsr_VP007_gonogo3_task_006_00"", ""atten_dsr_VP007_gonogo3_task_006_01"", ""atten_dsr_VP007_gonogo3_rest_006_00"", ""atten_dsr_VP007_gonogo3_rest_006_01""]",True,,0.6634500235646792,57,87,0.48,0.3551587301587301,0.41134751773049644,0.48000000000000004,-0.040000000000000036
VP008,2023,pooled_refit,0.30,0.3055555555555556,22,50,"{""0"": 11, ""1"": 11}","{""0"": 25, ""1"": 25}","[""atten_dsr_VP008_gonogo1_task_002_00"", ""atten_dsr_VP008_gonogo1_task_003_00"", ""atten_dsr_VP008_gonogo1_task_004_00"", ""atten_dsr_VP008_gonogo1_task_004_01"", ""atten_dsr_VP008_gonogo1_rest_004_00"", ""atten_dsr_VP008_gonogo1_task_005_00"", ""atten_dsr_VP008_gonogo1_rest_006_01"", ""atten_dsr_VP008_gonogo2_task_001_00"", ""atten_dsr_VP008_gonogo2_rest_001_01"", ""atten_dsr_VP008_gonogo2_rest_002_00"", ""atten_dsr_VP008_gonogo2_rest_003_01"", ""atten_dsr_VP008_gonogo2_task_004_01"", ""atten_dsr_VP008_gonogo2_rest_004_00"", ""atten_dsr_VP008_gonogo2_rest_006_00"", ""atten_dsr_VP008_gonogo3_task_001_00"", ""atten_dsr_VP008_gonogo3_task_001_01"", ""atten_dsr_VP008_gonogo3_rest_001_00"", ""atten_dsr_VP008_gonogo3_rest_002_00"", ""atten_dsr_VP008_gonogo3_task_003_00"", ""atten_dsr_VP008_gonogo3_rest_003_00"", ""atten_dsr_VP008_gonogo3_task_004_00"", ""atten_dsr_VP008_gonogo3_rest_005_00""]","[""atten_dsr_VP008_gonogo1_task_001_00"", ""atten_dsr_VP008_gonogo1_task_001_01"", ""atten_dsr_VP008_gonogo1_rest_001_00"", ""atten_dsr_VP008_gonogo1_rest_001_01"", ""atten_dsr_VP008_gonogo1_task_002_01"", ""atten_dsr_VP008_gonogo1_rest_002_00"", ""atten_dsr_VP008_gonogo1_rest_002_01"", ""atten_dsr_VP008_gonogo1_task_003_01"", ""atten_dsr_VP008_gonogo1_rest_003_00"", ""atten_dsr_VP008_gonogo1_rest_003_01"", ""atten_dsr_VP008_gonogo1_rest_004_01"", ""atten_dsr_VP008_gonogo1_task_005_01"", ""atten_dsr_VP008_gonogo1_rest_005_00"", ""atten_dsr_VP008_gonogo1_rest_005_01"", ""atten_dsr_VP008_gonogo1_task_006_00"", ""atten_dsr_VP008_gonogo1_task_006_01"", ""atten_dsr_VP008_gonogo1_rest_006_00"", ""atten_dsr_VP008_gonogo2_task_001_01"", ""atten_dsr_VP008_gonogo2_rest_001_00"", ""atten_dsr_VP008_gonogo2_task_002_00"", ""atten_dsr_VP008_gonogo2_task_002_01"", ""atten_dsr_VP008_gonogo2_rest_002_01"", ""atten_dsr_VP008_gonogo2_task_003_00"", ""atten_dsr_VP008_gonogo2_task_003_01"", ""atten_dsr_VP008_gonogo2_rest_003_00"", ""atten_dsr_VP008_gonogo2_task_004_00"", ""atten_dsr_VP008_gonogo2_rest_004_01"", ""atten_dsr_VP008_gonogo2_task_005_00"", ""atten_dsr_VP008_gonogo2_task_005_01"", ""atten_dsr_VP008_gonogo2_rest_005_00"", ""atten_dsr_VP008_gonogo2_rest_005_01"", ""atten_dsr_VP008_gonogo2_task_006_00"", ""atten_dsr_VP008_gonogo2_task_006_01"", ""atten_dsr_VP008_gonogo2_rest_006_01"", ""atten_dsr_VP008_gonogo3_rest_001_01"", ""atten_dsr_VP008_gonogo3_task_002_00"", ""atten_dsr_VP008_gonogo3_task_002_01"", ""atten_dsr_VP008_gonogo3_rest_002_01"", ""atten_dsr_VP008_gonogo3_task_003_01"", ""atten_dsr_VP008_gonogo3_rest_003_01"", ""atten_dsr_VP008_gonogo3_task_004_01"", ""atten_dsr_VP008_gonogo3_rest_004_00"", ""atten_dsr_VP008_gonogo3_rest_004_01"", ""atten_dsr_VP008_gonogo3_task_005_00"", ""atten_dsr_VP008_gonogo3_task_005_01"", ""atten_dsr_VP008_gonogo3_rest_005_01"", ""atten_dsr_VP008_gonogo3_task_006_00"", ""atten_dsr_VP008_gonogo3_task_006_01"", ""atten_dsr_VP008_gonogo3_rest_006_00"", ""atten_dsr_VP008_gonogo3_rest_006_01""]",True,,0.660734149054505,39,69,0.8,0.7947454844006567,0.8342245989304813,0.8,0.6
VP009,2023,pooled_refit,0.30,0.3055555555555556,22,50,"{""0"": 11, ""1"": 11}","{""0"": 25, ""1"": 25}","[""atten_dsr_VP009_gonogo1_task_002_00"", ""atten_dsr_VP009_gonogo1_task_003_00"", ""atten_dsr_VP009_gonogo1_task_004_00"", ""atten_dsr_VP009_gonogo1_task_004_01"", ""atten_dsr_VP009_gonogo1_rest_004_00"", ""atten_dsr_VP009_gonogo1_task_005_00"", ""atten_dsr_VP009_gonogo1_rest_006_01"", ""atten_dsr_VP009_gonogo2_task_001_00"", ""atten_dsr_VP009_gonogo2_rest_001_01"", ""atten_dsr_VP009_gonogo2_rest_002_00"", ""atten_dsr_VP009_gonogo2_rest_003_01"", ""atten_dsr_VP009_gonogo2_task_004_01"", ""atten_dsr_VP009_gonogo2_rest_004_00"", ""atten_dsr_VP009_gonogo2_rest_006_00"", ""atten_dsr_VP009_gonogo3_task_001_00"", ""atten_dsr_VP009_gonogo3_task_001_01"", ""atten_dsr_VP009_gonogo3_rest_001_00"", ""atten_dsr_VP009_gonogo3_rest_002_00"", ""atten_dsr_VP009_gonogo3_task_003_00"", ""atten_dsr_VP009_gonogo3_rest_003_00"", ""atten_dsr_VP009_gonogo3_task_004_00"", ""atten_dsr_VP009_gonogo3_rest_005_00""]","[""atten_dsr_VP009_gonogo1_task_001_00"", ""atten_dsr_VP009_gonogo1_task_001_01"", ""atten_dsr_VP009_gonogo1_rest_001_00"", ""atten_dsr_VP009_gonogo1_rest_001_01"", ""atten_dsr_VP009_gonogo1_task_002_01"", ""atten_dsr_VP009_gonogo1_rest_002_00"", ""atten_dsr_VP009_gonogo1_rest_002_01"", ""atten_dsr_VP009_gonogo1_task_003_01"", ""atten_dsr_VP009_gonogo1_rest_003_00"", ""atten_dsr_VP009_gonogo1_rest_003_01"", ""atten_dsr_VP009_gonogo1_rest_004_01"", ""atten_dsr_VP009_gonogo1_task_005_01"", ""atten_dsr_VP009_gonogo1_rest_005_00"", ""atten_dsr_VP009_gonogo1_rest_005_01"", ""atten_dsr_VP009_gonogo1_task_006_00"", ""atten_dsr_VP009_gonogo1_task_006_01"", ""atten_dsr_VP009_gonogo1_rest_006_00"", ""atten_dsr_VP009_gonogo2_task_001_01"", ""atten_dsr_VP009_gonogo2_rest_001_00"", ""atten_dsr_VP009_gonogo2_task_002_00"", ""atten_dsr_VP009_gonogo2_task_002_01"", ""atten_dsr_VP009_gonogo2_rest_002_01"", ""atten_dsr_VP009_gonogo2_task_003_00"", ""atten_dsr_VP009_gonogo2_task_003_01"", ""atten_dsr_VP009_gonogo2_rest_003_00"", ""atten_dsr_VP009_gonogo2_task_004_00"", ""atten_dsr_VP009_gonogo2_rest_004_01"", ""atten_dsr_VP009_gonogo2_task_005_00"", ""atten_dsr_VP009_gonogo2_task_005_01"", ""atten_dsr_VP009_gonogo2_rest_005_00"", ""atten_dsr_VP009_gonogo2_rest_005_01"", ""atten_dsr_VP009_gonogo2_task_006_00"", ""atten_dsr_VP009_gonogo2_task_006_01"", ""atten_dsr_VP009_gonogo2_rest_006_01"", ""atten_dsr_VP009_gonogo3_rest_001_01"", ""atten_dsr_VP009_gonogo3_task_002_00"", ""atten_dsr_VP009_gonogo3_task_002_01"", ""atten_dsr_VP009_gonogo3_rest_002_01"", ""atten_dsr_VP009_gonogo3_task_003_01"", ""atten_dsr_VP009_gonogo3_rest_003_01"", ""atten_dsr_VP009_gonogo3_task_004_01"", ""atten_dsr_VP009_gonogo3_rest_004_00"", ""atten_dsr_VP009_gonogo3_rest_004_01"", ""atten_dsr_VP009_gonogo3_task_005_00"", ""atten_dsr_VP009_gonogo3_task_005_01"", ""atten_dsr_VP009_gonogo3_rest_005_01"", ""atten_dsr_VP009_gonogo3_task_006_00"", ""atten_dsr_VP009_gonogo3_task_006_01"", ""atten_dsr_VP009_gonogo3_rest_006_00"", ""atten_dsr_VP009_gonogo3_rest_006_01""]",True,,0.660061919504644,66,96,0.64,0.609375,0.703962703962704,0.64,0.28
VP010,2023,pooled_refit,0.30,0.3055555555555556,22,50,"{""0"": 11, ""1"": 11}","{""0"": 25, ""1"": 25}","[""atten_dsr_VP010_gonogo1_task_002_00"", ""atten_dsr_VP010_gonogo1_task_003_00"", ""atten_dsr_VP010_gonogo1_task_004_00"", ""atten_dsr_VP010_gonogo1_task_004_01"", ""atten_dsr_VP010_gonogo1_rest_004_00"", ""atten_dsr_VP010_gonogo1_task_005_00"", ""atten_dsr_VP010_gonogo1_rest_006_01"", ""atten_dsr_VP010_gonogo2_task_001_00"", ""atten_dsr_VP010_gonogo2_rest_001_01"", ""atten_dsr_VP010_gonogo2_rest_002_00"", ""atten_dsr_VP010_gonogo2_rest_003_01"", ""atten_dsr_VP010_gonogo2_task_004_01"", ""atten_dsr_VP010_gonogo2_rest_004_00"", ""atten_dsr_VP010_gonogo2_rest_006_00"", ""atten_dsr_VP010_gonogo3_task_001_00"", ""atten_dsr_VP010_gonogo3_task_001_01"", ""atten_dsr_VP010_gonogo3_rest_001_00"", ""atten_dsr_VP010_gonogo3_rest_002_00"", ""atten_dsr_VP010_gonogo3_task_003_00"", ""atten_dsr_VP010_gonogo3_rest_003_00"", ""atten_dsr_VP010_gonogo3_task_004_00"", ""atten_dsr_VP010_gonogo3_rest_005_00""]","[""atten_dsr_VP010_gonogo1_task_001_00"", ""atten_dsr_VP010_gonogo1_task_001_01"", ""atten_dsr_VP010_gonogo1_rest_001_00"", ""atten_dsr_VP010_gonogo1_rest_001_01"", ""atten_dsr_VP010_gonogo1_task_002_01"", ""atten_dsr_VP010_gonogo1_rest_002_00"", ""atten_dsr_VP010_gonogo1_rest_002_01"", ""atten_dsr_VP010_gonogo1_task_003_01"", ""atten_dsr_VP010_gonogo1_rest_003_00"", ""atten_dsr_VP010_gonogo1_rest_003_01"", ""atten_dsr_VP010_gonogo1_rest_004_01"", ""atten_dsr_VP010_gonogo1_task_005_01"", ""atten_dsr_VP010_gonogo1_rest_005_00"", ""atten_dsr_VP010_gonogo1_rest_005_01"", ""atten_dsr_VP010_gonogo1_task_006_00"", ""atten_dsr_VP010_gonogo1_task_006_01"", ""atten_dsr_VP010_gonogo1_rest_006_00"", ""atten_dsr_VP010_gonogo2_task_001_01"", ""atten_dsr_VP010_gonogo2_rest_001_00"", ""atten_dsr_VP010_gonogo2_task_002_00"", ""atten_dsr_VP010_gonogo2_task_002_01"", ""atten_dsr_VP010_gonogo2_rest_002_01"", ""atten_dsr_VP010_gonogo2_task_003_00"", ""atten_dsr_VP010_gonogo2_task_003_01"", ""atten_dsr_VP010_gonogo2_rest_003_00"", ""atten_dsr_VP010_gonogo2_task_004_00"", ""atten_dsr_VP010_gonogo2_rest_004_01"", ""atten_dsr_VP010_gonogo2_task_005_00"", ""atten_dsr_VP010_gonogo2_task_005_01"", ""atten_dsr_VP010_gonogo2_rest_005_00"", ""atten_dsr_VP010_gonogo2_rest_005_01"", ""atten_dsr_VP010_gonogo2_task_006_00"", ""atten_dsr_VP010_gonogo2_task_006_01"", ""atten_dsr_VP010_gonogo2_rest_006_01"", ""atten_dsr_VP010_gonogo3_rest_001_01"", ""atten_dsr_VP010_gonogo3_task_002_00"", ""atten_dsr_VP010_gonogo3_task_002_01"", ""atten_dsr_VP010_gonogo3_rest_002_01"", ""atten_dsr_VP010_gonogo3_task_003_01"", ""atten_dsr_VP010_gonogo3_rest_003_01"", ""atten_dsr_VP010_gonogo3_task_004_01"", ""atten_dsr_VP010_gonogo3_rest_004_00"", ""atten_dsr_VP010_gonogo3_rest_004_01"", ""atten_dsr_VP010_gonogo3_task_005_00"", ""atten_dsr_VP010_gonogo3_task_005_01"", ""atten_dsr_VP010_gonogo3_rest_005_01"", ""atten_dsr_VP010_gonogo3_task_006_00"", ""atten_dsr_VP010_gonogo3_task_006_01"", ""atten_dsr_VP010_gonogo3_rest_006_00"", ""atten_dsr_VP010_gonogo3_rest_006_01""]",True,,0.6722121053118923,46,76,0.5,0.4981934965877158,0.5,0.5,0.0
VP011,2023,pooled_refit,0.30,0.3055555555555556,22,50,"{""0"": 11, ""1"": 11}","{""0"": 25, ""1"": 25}","[""atten_dsr_VP011_gonogo1_task_002_00"", ""atten_dsr_VP011_gonogo1_task_003_00"", ""atten_dsr_VP011_gonogo1_task_004_00"", ""atten_dsr_VP011_gonogo1_task_004_01"", ""atten_dsr_VP011_gonogo1_rest_004_00"", ""atten_dsr_VP011_gonogo1_task_005_00"", ""atten_dsr_VP011_gonogo1_rest_006_01"", ""atten_dsr_VP011_gonogo2_task_001_00"", ""atten_dsr_VP011_gonogo2_rest_001_01"", ""atten_dsr_VP011_gonogo2_rest_002_00"", ""atten_dsr_VP011_gonogo2_rest_003_01"", ""atten_dsr_VP011_gonogo2_task_004_01"", ""atten_dsr_VP011_gonogo2_rest_004_00"", ""atten_dsr_VP011_gonogo2_rest_006_00"", ""atten_dsr_VP011_gonogo3_task_001_00"", ""atten_dsr_VP011_gonogo3_task_001_01"", ""atten_dsr_VP011_gonogo3_rest_001_00"", ""atten_dsr_VP011_gonogo3_rest_002_00"", ""atten_dsr_VP011_gonogo3_task_003_00"", ""atten_dsr_VP011_gonogo3_rest_003_00"", ""atten_dsr_VP011_gonogo3_task_004_00"", ""atten_dsr_VP011_gonogo3_rest_005_00""]","[""atten_dsr_VP011_gonogo1_task_001_00"", ""atten_dsr_VP011_gonogo1_task_001_01"", ""atten_dsr_VP011_gonogo1_rest_001_00"", ""atten_dsr_VP011_gonogo1_rest_001_01"", ""atten_dsr_VP011_gonogo1_task_002_01"", ""atten_dsr_VP011_gonogo1_rest_002_00"", ""atten_dsr_VP011_gonogo1_rest_002_01"", ""atten_dsr_VP011_gonogo1_task_003_01"", ""atten_dsr_VP011_gonogo1_rest_003_00"", ""atten_dsr_VP011_gonogo1_rest_003_01"", ""atten_dsr_VP011_gonogo1_rest_004_01"", ""atten_dsr_VP011_gonogo1_task_005_01"", ""atten_dsr_VP011_gonogo1_rest_005_00"", ""atten_dsr_VP011_gonogo1_rest_005_01"", ""atten_dsr_VP011_gonogo1_task_006_00"", ""atten_dsr_VP011_gonogo1_task_006_01"", ""atten_dsr_VP011_gonogo1_rest_006_00"", ""atten_dsr_VP011_gonogo2_task_001_01"", ""atten_dsr_VP011_gonogo2_rest_001_00"", ""atten_dsr_VP011_gonogo2_task_002_00"", ""atten_dsr_VP011_gonogo2_task_002_01"", ""atten_dsr_VP011_gonogo2_rest_002_01"", ""atten_dsr_VP011_gonogo2_task_003_00"", ""atten_dsr_VP011_gonogo2_task_003_01"", ""atten_dsr_VP011_gonogo2_rest_003_00"", ""atten_dsr_VP011_gonogo2_task_004_00"", ""atten_dsr_VP011_gonogo2_rest_004_01"", ""atten_dsr_VP011_gonogo2_task_005_00"", ""atten_dsr_VP011_gonogo2_task_005_01"", ""atten_dsr_VP011_gonogo2_rest_005_00"", ""atten_dsr_VP011_gonogo2_rest_005_01"", ""atten_dsr_VP011_gonogo2_task_006_00"", ""atten_dsr_VP011_gonogo2_task_006_01"", ""atten_dsr_VP011_gonogo2_rest_006_01"", ""atten_dsr_VP011_gonogo3_rest_001_01"", ""atten_dsr_VP011_gonogo3_task_002_00"", ""atten_dsr_VP011_gonogo3_task_002_01"", ""atten_dsr_VP011_gonogo3_rest_002_01"", ""atten_dsr_VP011_gonogo3_task_003_01"", ""atten_dsr_VP011_gonogo3_rest_003_01"", ""atten_dsr_VP011_gonogo3_task_004_01"", ""atten_dsr_VP011_gonogo3_rest_004_00"", ""atten_dsr_VP011_gonogo3_rest_004_01"", ""atten_dsr_VP011_gonogo3_task_005_00"", ""atten_dsr_VP011_gonogo3_task_005_01"", ""atten_dsr_VP011_gonogo3_rest_005_01"", ""atten_dsr_VP011_gonogo3_task_006_00"", ""atten_dsr_VP011_gonogo3_task_006_01"", ""atten_dsr_VP011_gonogo3_rest_006_00"", ""atten_dsr_VP011_gonogo3_rest_006_01""]",True,,0.6527536634488507,85,100,0.62,0.6072757337742869,0.6378676470588236,0.62,0.24
VP012,2023,pooled_refit,0.30,0.3055555555555556,22,50,"{""0"": 11, ""1"": 11}","{""0"": 25, ""1"": 25}","[""atten_dsr_VP012_gonogo1_task_002_00"", ""atten_dsr_VP012_gonogo1_task_003_00"", ""atten_dsr_VP012_gonogo1_task_004_00"", ""atten_dsr_VP012_gonogo1_task_004_01"", ""atten_dsr_VP012_gonogo1_rest_004_00"", ""atten_dsr_VP012_gonogo1_task_005_00"", ""atten_dsr_VP012_gonogo1_rest_006_01"", ""atten_dsr_VP012_gonogo2_task_001_00"", ""atten_dsr_VP012_gonogo2_rest_001_01"", ""atten_dsr_VP012_gonogo2_rest_002_00"", ""atten_dsr_VP012_gonogo2_rest_003_01"", ""atten_dsr_VP012_gonogo2_task_004_01"", ""atten_dsr_VP012_gonogo2_rest_004_00"", ""atten_dsr_VP012_gonogo2_rest_006_00"", ""atten_dsr_VP012_gonogo3_task_001_00"", ""atten_dsr_VP012_gonogo3_task_001_01"", ""atten_dsr_VP012_gonogo3_rest_001_00"", ""atten_dsr_VP012_gonogo3_rest_002_00"", ""atten_dsr_VP012_gonogo3_task_003_00"", ""atten_dsr_VP012_gonogo3_rest_003_00"", ""atten_dsr_VP012_gonogo3_task_004_00"", ""atten_dsr_VP012_gonogo3_rest_005_00""]","[""atten_dsr_VP012_gonogo1_task_001_00"", ""atten_dsr_VP012_gonogo1_task_001_01"", ""atten_dsr_VP012_gonogo1_rest_001_00"", ""atten_dsr_VP012_gonogo1_rest_001_01"", ""atten_dsr_VP012_gonogo1_task_002_01"", ""atten_dsr_VP012_gonogo1_rest_002_00"", ""atten_dsr_VP012_gonogo1_rest_002_01"", ""atten_dsr_VP012_gonogo1_task_003_01"", ""atten_dsr_VP012_gonogo1_rest_003_00"", ""atten_dsr_VP012_gonogo1_rest_003_01"", ""atten_dsr_VP012_gonogo1_rest_004_01"", ""atten_dsr_VP012_gonogo1_task_005_01"", ""atten_dsr_VP012_gonogo1_rest_005_00"", ""atten_dsr_VP012_gonogo1_rest_005_01"", ""atten_dsr_VP012_gonogo1_task_006_00"", ""atten_dsr_VP012_gonogo1_task_006_01"", ""atten_dsr_VP012_gonogo1_rest_006_00"", ""atten_dsr_VP012_gonogo2_task_001_01"", ""atten_dsr_VP012_gonogo2_rest_001_00"", ""atten_dsr_VP012_gonogo2_task_002_00"", ""atten_dsr_VP012_gonogo2_task_002_01"", ""atten_dsr_VP012_gonogo2_rest_002_01"", ""atten_dsr_VP012_gonogo2_task_003_00"", ""atten_dsr_VP012_gonogo2_task_003_01"", ""atten_dsr_VP012_gonogo2_rest_003_00"", ""atten_dsr_VP012_gonogo2_task_004_00"", ""atten_dsr_VP012_gonogo2_rest_004_01"", ""atten_dsr_VP012_gonogo2_task_005_00"", ""atten_dsr_VP012_gonogo2_task_005_01"", ""atten_dsr_VP012_gonogo2_rest_005_00"", ""atten_dsr_VP012_gonogo2_rest_005_01"", ""atten_dsr_VP012_gonogo2_task_006_00"", ""atten_dsr_VP012_gonogo2_task_006_01"", ""atten_dsr_VP012_gonogo2_rest_006_01"", ""atten_dsr_VP012_gonogo3_rest_001_01"", ""atten_dsr_VP012_gonogo3_task_002_00"", ""atten_dsr_VP012_gonogo3_task_002_01"", ""atten_dsr_VP012_gonogo3_rest_002_01"", ""atten_dsr_VP012_gonogo3_task_003_01"", ""atten_dsr_VP012_gonogo3_rest_003_01"", ""atten_dsr_VP012_gonogo3_task_004_01"", ""atten_dsr_VP012_gonogo3_rest_004_00"", ""atten_dsr_VP012_gonogo3_rest_004_01"", ""atten_dsr_VP012_gonogo3_task_005_00"", ""atten_dsr_VP012_gonogo3_task_005_01"", ""atten_dsr_VP012_gonogo3_rest_005_01"", ""atten_dsr_VP012_gonogo3_task_006_00"", ""atten_dsr_VP012_gonogo3_task_006_01"", ""atten_dsr_VP012_gonogo3_rest_006_00"", ""atten_dsr_VP012_gonogo3_rest_006_01""]",True,,0.6827694728560189,58,88,0.72,0.7028862478777589,0.7858627858627859,0.72,0.43999999999999995
VP013,2023,pooled_refit,0.30,0.3055555555555556,22,50,"{""0"": 11, ""1"": 11}","{""0"": 25, ""1"": 25}","[""atten_dsr_VP013_gonogo1_task_002_00"", ""atten_dsr_VP013_gonogo1_task_003_00"", ""atten_dsr_VP013_gonogo1_task_004_00"", ""atten_dsr_VP013_gonogo1_task_004_01"", ""atten_dsr_VP013_gonogo1_rest_004_00"", ""atten_dsr_VP013_gonogo1_task_005_00"", ""atten_dsr_VP013_gonogo1_rest_006_01"", ""atten_dsr_VP013_gonogo2_task_001_00"", ""atten_dsr_VP013_gonogo2_rest_001_01"", ""atten_dsr_VP013_gonogo2_rest_002_00"", ""atten_dsr_VP013_gonogo2_rest_003_01"", ""atten_dsr_VP013_gonogo2_task_004_01"", ""atten_dsr_VP013_gonogo2_rest_004_00"", ""atten_dsr_VP013_gonogo2_rest_006_00"", ""atten_dsr_VP013_gonogo3_task_001_00"", ""atten_dsr_VP013_gonogo3_task_001_01"", ""atten_dsr_VP013_gonogo3_rest_001_00"", ""atten_dsr_VP013_gonogo3_rest_002_00"", ""atten_dsr_VP013_gonogo3_task_003_00"", ""atten_dsr_VP013_gonogo3_rest_003_00"", ""atten_dsr_VP013_gonogo3_task_004_00"", ""atten_dsr_VP013_gonogo3_rest_005_00""]","[""atten_dsr_VP013_gonogo1_task_001_00"", ""atten_dsr_VP013_gonogo1_task_001_01"", ""atten_dsr_VP013_gonogo1_rest_001_00"", ""atten_dsr_VP013_gonogo1_rest_001_01"", ""atten_dsr_VP013_gonogo1_task_002_01"", ""atten_dsr_VP013_gonogo1_rest_002_00"", ""atten_dsr_VP013_gonogo1_rest_002_01"", ""atten_dsr_VP013_gonogo1_task_003_01"", ""atten_dsr_VP013_gonogo1_rest_003_00"", ""atten_dsr_VP013_gonogo1_rest_003_01"", ""atten_dsr_VP013_gonogo1_rest_004_01"", ""atten_dsr_VP013_gonogo1_task_005_01"", ""atten_dsr_VP013_gonogo1_rest_005_00"", ""atten_dsr_VP013_gonogo1_rest_005_01"", ""atten_dsr_VP013_gonogo1_task_006_00"", ""atten_dsr_VP013_gonogo1_task_006_01"", ""atten_dsr_VP013_gonogo1_rest_006_00"", ""atten_dsr_VP013_gonogo2_task_001_01"", ""atten_dsr_VP013_gonogo2_rest_001_00"", ""atten_dsr_VP013_gonogo2_task_002_00"", ""atten_dsr_VP013_gonogo2_task_002_01"", ""atten_dsr_VP013_gonogo2_rest_002_01"", ""atten_dsr_VP013_gonogo2_task_003_00"", ""atten_dsr_VP013_gonogo2_task_003_01"", ""atten_dsr_VP013_gonogo2_rest_003_00"", ""atten_dsr_VP013_gonogo2_task_004_00"", ""atten_dsr_VP013_gonogo2_rest_004_01"", ""atten_dsr_VP013_gonogo2_task_005_00"", ""atten_dsr_VP013_gonogo2_task_005_01"", ""atten_dsr_VP013_gonogo2_rest_005_00"", ""atten_dsr_VP013_gonogo2_rest_005_01"", ""atten_dsr_VP013_gonogo2_task_006_00"", ""atten_dsr_VP013_gonogo2_task_006_01"", ""atten_dsr_VP013_gonogo2_rest_006_01"", ""atten_dsr_VP013_gonogo3_rest_001_01"", ""atten_dsr_VP013_gonogo3_task_002_00"", ""atten_dsr_VP013_gonogo3_task_002_01"", ""atten_dsr_VP013_gonogo3_rest_002_01"", ""atten_dsr_VP013_gonogo3_task_003_01"", ""atten_dsr_VP013_gonogo3_rest_003_01"", ""atten_dsr_VP013_gonogo3_task_004_01"", ""atten_dsr_VP013_gonogo3_rest_004_00"", ""atten_dsr_VP013_gonogo3_rest_004_01"", ""atten_dsr_VP013_gonogo3_task_005_00"", ""atten_dsr_VP013_gonogo3_task_005_01"", ""atten_dsr_VP013_gonogo3_rest_005_01"", ""atten_dsr_VP013_gonogo3_task_006_00"", ""atten_dsr_VP013_gonogo3_task_006_01"", ""atten_dsr_VP013_gonogo3_rest_006_00"", ""atten_dsr_VP013_gonogo3_rest_006_01""]",True,,0.6883748859480157,58,88,0.74,0.7373737373737375,0.75,0.74,0.48
VP014,2023,pooled_refit,0.30,0.3055555555555556,22,50,"{""0"": 11, ""1"": 11}","{""0"": 25, ""1"": 25}","[""atten_dsr_VP014_gonogo1_task_002_00"", ""atten_dsr_VP014_gonogo1_task_003_00"", ""atten_dsr_VP014_gonogo1_task_004_00"", ""atten_dsr_VP014_gonogo1_task_004_01"", ""atten_dsr_VP014_gonogo1_rest_004_00"", ""atten_dsr_VP014_gonogo1_task_005_00"", ""atten_dsr_VP014_gonogo1_rest_006_01"", ""atten_dsr_VP014_gonogo2_task_001_00"", ""atten_dsr_VP014_gonogo2_rest_001_01"", ""atten_dsr_VP014_gonogo2_rest_002_00"", ""atten_dsr_VP014_gonogo2_rest_003_01"", ""atten_dsr_VP014_gonogo2_task_004_01"", ""atten_dsr_VP014_gonogo2_rest_004_00"", ""atten_dsr_VP014_gonogo2_rest_006_00"", ""atten_dsr_VP014_gonogo3_task_001_00"", ""atten_dsr_VP014_gonogo3_task_001_01"", ""atten_dsr_VP014_gonogo3_rest_001_00"", ""atten_dsr_VP014_gonogo3_rest_002_00"", ""atten_dsr_VP014_gonogo3_task_003_00"", ""atten_dsr_VP014_gonogo3_rest_003_00"", ""atten_dsr_VP014_gonogo3_task_004_00"", ""atten_dsr_VP014_gonogo3_rest_005_00""]","[""atten_dsr_VP014_gonogo1_task_001_00"", ""atten_dsr_VP014_gonogo1_task_001_01"", ""atten_dsr_VP014_gonogo1_rest_001_00"", ""atten_dsr_VP014_gonogo1_rest_001_01"", ""atten_dsr_VP014_gonogo1_task_002_01"", ""atten_dsr_VP014_gonogo1_rest_002_00"", ""atten_dsr_VP014_gonogo1_rest_002_01"", ""atten_dsr_VP014_gonogo1_task_003_01"", ""atten_dsr_VP014_gonogo1_rest_003_00"", ""atten_dsr_VP014_gonogo1_rest_003_01"", ""atten_dsr_VP014_gonogo1_rest_004_01"", ""atten_dsr_VP014_gonogo1_task_005_01"", ""atten_dsr_VP014_gonogo1_rest_005_00"", ""atten_dsr_VP014_gonogo1_rest_005_01"", ""atten_dsr_VP014_gonogo1_task_006_00"", ""atten_dsr_VP014_gonogo1_task_006_01"", ""atten_dsr_VP014_gonogo1_rest_006_00"", ""atten_dsr_VP014_gonogo2_task_001_01"", ""atten_dsr_VP014_gonogo2_rest_001_00"", ""atten_dsr_VP014_gonogo2_task_002_00"", ""atten_dsr_VP014_gonogo2_task_002_01"", ""atten_dsr_VP014_gonogo2_rest_002_01"", ""atten_dsr_VP014_gonogo2_task_003_00"", ""atten_dsr_VP014_gonogo2_task_003_01"", ""atten_dsr_VP014_gonogo2_rest_003_00"", ""atten_dsr_VP014_gonogo2_task_004_00"", ""atten_dsr_VP014_gonogo2_rest_004_01"", ""atten_dsr_VP014_gonogo2_task_005_00"", ""atten_dsr_VP014_gonogo2_task_005_01"", ""atten_dsr_VP014_gonogo2_rest_005_00"", ""atten_dsr_VP014_gonogo2_rest_005_01"", ""atten_dsr_VP014_gonogo2_task_006_00"", ""atten_dsr_VP014_gonogo2_task_006_01"", ""atten_dsr_VP014_gonogo2_rest_006_01"", ""atten_dsr_VP014_gonogo3_rest_001_01"", ""atten_dsr_VP014_gonogo3_task_002_00"", ""atten_dsr_VP014_gonogo3_task_002_01"", ""atten_dsr_VP014_gonogo3_rest_002_01"", ""atten_dsr_VP014_gonogo3_task_003_01"", ""atten_dsr_VP014_gonogo3_rest_003_01"", ""atten_dsr_VP014_gonogo3_task_004_01"", ""atten_dsr_VP014_gonogo3_rest_004_00"", ""atten_dsr_VP014_gonogo3_rest_004_01"", ""atten_dsr_VP014_gonogo3_task_005_00"", ""atten_dsr_VP014_gonogo3_task_005_01"", ""atten_dsr_VP014_gonogo3_rest_005_01"", ""atten_dsr_VP014_gonogo3_task_006_00"", ""atten_dsr_VP014_gonogo3_task_006_01"", ""atten_dsr_VP014_gonogo3_rest_006_00"", ""atten_dsr_VP014_gonogo3_rest_006_01""]",True,,0.6742736503468383,64,94,0.76,0.75,0.8095238095238095,0.76,0.52
VP015,2023,pooled_refit,0.30,0.3055555555555556,22,50,"{""0"": 11, ""1"": 11}","{""0"": 25, ""1"": 25}","[""atten_dsr_VP015_gonogo1_task_002_00"", ""atten_dsr_VP015_gonogo1_task_003_00"", ""atten_dsr_VP015_gonogo1_task_004_00"", ""atten_dsr_VP015_gonogo1_task_004_01"", ""atten_dsr_VP015_gonogo1_rest_004_00"", ""atten_dsr_VP015_gonogo1_task_005_00"", ""atten_dsr_VP015_gonogo1_rest_006_01"", ""atten_dsr_VP015_gonogo2_task_001_00"", ""atten_dsr_VP015_gonogo2_rest_001_01"", ""atten_dsr_VP015_gonogo2_rest_002_00"", ""atten_dsr_VP015_gonogo2_rest_003_01"", ""atten_dsr_VP015_gonogo2_task_004_01"", ""atten_dsr_VP015_gonogo2_rest_004_00"", ""atten_dsr_VP015_gonogo2_rest_006_00"", ""atten_dsr_VP015_gonogo3_task_001_00"", ""atten_dsr_VP015_gonogo3_task_001_01"", ""atten_dsr_VP015_gonogo3_rest_001_00"", ""atten_dsr_VP015_gonogo3_rest_002_00"", ""atten_dsr_VP015_gonogo3_task_003_00"", ""atten_dsr_VP015_gonogo3_rest_003_00"", ""atten_dsr_VP015_gonogo3_task_004_00"", ""atten_dsr_VP015_gonogo3_rest_005_00""]","[""atten_dsr_VP015_gonogo1_task_001_00"", ""atten_dsr_VP015_gonogo1_task_001_01"", ""atten_dsr_VP015_gonogo1_rest_001_00"", ""atten_dsr_VP015_gonogo1_rest_001_01"", ""atten_dsr_VP015_gonogo1_task_002_01"", ""atten_dsr_VP015_gonogo1_rest_002_00"", ""atten_dsr_VP015_gonogo1_rest_002_01"", ""atten_dsr_VP015_gonogo1_task_003_01"", ""atten_dsr_VP015_gonogo1_rest_003_00"", ""atten_dsr_VP015_gonogo1_rest_003_01"", ""atten_dsr_VP015_gonogo1_rest_004_01"", ""atten_dsr_VP015_gonogo1_task_005_01"", ""atten_dsr_VP015_gonogo1_rest_005_00"", ""atten_dsr_VP015_gonogo1_rest_005_01"", ""atten_dsr_VP015_gonogo1_task_006_00"", ""atten_dsr_VP015_gonogo1_task_006_01"", ""atten_dsr_VP015_gonogo1_rest_006_00"", ""atten_dsr_VP015_gonogo2_task_001_01"", ""atten_dsr_VP015_gonogo2_rest_001_00"", ""atten_dsr_VP015_gonogo2_task_002_00"", ""atten_dsr_VP015_gonogo2_task_002_01"", ""atten_dsr_VP015_gonogo2_rest_002_01"", ""atten_dsr_VP015_gonogo2_task_003_00"", ""atten_dsr_VP015_gonogo2_task_003_01"", ""atten_dsr_VP015_gonogo2_rest_003_00"", ""atten_dsr_VP015_gonogo2_task_004_00"", ""atten_dsr_VP015_gonogo2_rest_004_01"", ""atten_dsr_VP015_gonogo2_task_005_00"", ""atten_dsr_VP015_gonogo2_task_005_01"", ""atten_dsr_VP015_gonogo2_rest_005_00"", ""atten_dsr_VP015_gonogo2_rest_005_01"", ""atten_dsr_VP015_gonogo2_task_006_00"", ""atten_dsr_VP015_gonogo2_task_006_01"", ""atten_dsr_VP015_gonogo2_rest_006_01"", ""atten_dsr_VP015_gonogo3_rest_001_01"", ""atten_dsr_VP015_gonogo3_task_002_00"", ""atten_dsr_VP015_gonogo3_task_002_01"", ""atten_dsr_VP015_gonogo3_rest_002_01"", ""atten_dsr_VP015_gonogo3_task_003_01"", ""atten_dsr_VP015_gonogo3_rest_003_01"", ""atten_dsr_VP015_gonogo3_task_004_01"", ""atten_dsr_VP015_gonogo3_rest_004_00"", ""atten_dsr_VP015_gonogo3_rest_004_01"", ""atten_dsr_VP015_gonogo3_task_005_00"", ""atten_dsr_VP015_gonogo3_task_005_01"", ""atten_dsr_VP015_gonogo3_rest_005_01"", ""atten_dsr_VP015_gonogo3_task_006_00"", ""atten_dsr_VP015_gonogo3_task_006_01"", ""atten_dsr_VP015_gonogo3_rest_006_00"", ""atten_dsr_VP015_gonogo3_rest_006_01""]",True,,0.6859148078660273,66,96,0.72,0.719551282051282,0.7214170692431562,0.72,0.43999999999999995
VP016,2023,pooled_refit,0.30,0.3055555555555556,22,50,"{""0"": 11, ""1"": 11}","{""0"": 25, ""1"": 25}","[""atten_dsr_VP016_gonogo1_task_002_00"", ""atten_dsr_VP016_gonogo1_task_003_00"", ""atten_dsr_VP016_gonogo1_task_004_00"", ""atten_dsr_VP016_gonogo1_task_004_01"", ""atten_dsr_VP016_gonogo1_rest_004_00"", ""atten_dsr_VP016_gonogo1_task_005_00"", ""atten_dsr_VP016_gonogo1_rest_006_01"", ""atten_dsr_VP016_gonogo2_task_001_00"", ""atten_dsr_VP016_gonogo2_rest_001_01"", ""atten_dsr_VP016_gonogo2_rest_002_00"", ""atten_dsr_VP016_gonogo2_rest_003_01"", ""atten_dsr_VP016_gonogo2_task_004_01"", ""atten_dsr_VP016_gonogo2_rest_004_00"", ""atten_dsr_VP016_gonogo2_rest_006_00"", ""atten_dsr_VP016_gonogo3_task_001_00"", ""atten_dsr_VP016_gonogo3_task_001_01"", ""atten_dsr_VP016_gonogo3_rest_001_00"", ""atten_dsr_VP016_gonogo3_rest_002_00"", ""atten_dsr_VP016_gonogo3_task_003_00"", ""atten_dsr_VP016_gonogo3_rest_003_00"", ""atten_dsr_VP016_gonogo3_task_004_00"", ""atten_dsr_VP016_gonogo3_rest_005_00""]","[""atten_dsr_VP016_gonogo1_task_001_00"", ""atten_dsr_VP016_gonogo1_task_001_01"", ""atten_dsr_VP016_gonogo1_rest_001_00"", ""atten_dsr_VP016_gonogo1_rest_001_01"", ""atten_dsr_VP016_gonogo1_task_002_01"", ""atten_dsr_VP016_gonogo1_rest_002_00"", ""atten_dsr_VP016_gonogo1_rest_002_01"", ""atten_dsr_VP016_gonogo1_task_003_01"", ""atten_dsr_VP016_gonogo1_rest_003_00"", ""atten_dsr_VP016_gonogo1_rest_003_01"", ""atten_dsr_VP016_gonogo1_rest_004_01"", ""atten_dsr_VP016_gonogo1_task_005_01"", ""atten_dsr_VP016_gonogo1_rest_005_00"", ""atten_dsr_VP016_gonogo1_rest_005_01"", ""atten_dsr_VP016_gonogo1_task_006_00"", ""atten_dsr_VP016_gonogo1_task_006_01"", ""atten_dsr_VP016_gonogo1_rest_006_00"", ""atten_dsr_VP016_gonogo2_task_001_01"", ""atten_dsr_VP016_gonogo2_rest_001_00"", ""atten_dsr_VP016_gonogo2_task_002_00"", ""atten_dsr_VP016_gonogo2_task_002_01"", ""atten_dsr_VP016_gonogo2_rest_002_01"", ""atten_dsr_VP016_gonogo2_task_003_00"", ""atten_dsr_VP016_gonogo2_task_003_01"", ""atten_dsr_VP016_gonogo2_rest_003_00"", ""atten_dsr_VP016_gonogo2_task_004_00"", ""atten_dsr_VP016_gonogo2_rest_004_01"", ""atten_dsr_VP016_gonogo2_task_005_00"", ""atten_dsr_VP016_gonogo2_task_005_01"", ""atten_dsr_VP016_gonogo2_rest_005_00"", ""atten_dsr_VP016_gonogo2_rest_005_01"", ""atten_dsr_VP016_gonogo2_task_006_00"", ""atten_dsr_VP016_gonogo2_task_006_01"", ""atten_dsr_VP016_gonogo2_rest_006_01"", ""atten_dsr_VP016_gonogo3_rest_001_01"", ""atten_dsr_VP016_gonogo3_task_002_00"", ""atten_dsr_VP016_gonogo3_task_002_01"", ""atten_dsr_VP016_gonogo3_rest_002_01"", ""atten_dsr_VP016_gonogo3_task_003_01"", ""atten_dsr_VP016_gonogo3_rest_003_01"", ""atten_dsr_VP016_gonogo3_task_004_01"", ""atten_dsr_VP016_gonogo3_rest_004_00"", ""atten_dsr_VP016_gonogo3_rest_004_01"", ""atten_dsr_VP016_gonogo3_task_005_00"", ""atten_dsr_VP016_gonogo3_task_005_01"", ""atten_dsr_VP016_gonogo3_rest_005_01"", ""atten_dsr_VP016_gonogo3_task_006_00"", ""atten_dsr_VP016_gonogo3_task_006_01"", ""atten_dsr_VP016_gonogo3_rest_006_00"", ""atten_dsr_VP016_gonogo3_rest_006_01""]",True,,0.6622601279317697,66,96,0.52,0.40476190476190477,0.5886524822695035,0.52,0.040000000000000036
VP017,2023,pooled_refit,0.30,0.3055555555555556,22,50,"{""0"": 11, ""1"": 11}","{""0"": 25, ""1"": 25}","[""atten_dsr_VP017_gonogo1_task_002_00"", ""atten_dsr_VP017_gonogo1_task_003_00"", ""atten_dsr_VP017_gonogo1_task_004_00"", ""atten_dsr_VP017_gonogo1_task_004_01"", ""atten_dsr_VP017_gonogo1_rest_004_00"", ""atten_dsr_VP017_gonogo1_task_005_00"", ""atten_dsr_VP017_gonogo1_rest_006_01"", ""atten_dsr_VP017_gonogo2_task_001_00"", ""atten_dsr_VP017_gonogo2_rest_001_01"", ""atten_dsr_VP017_gonogo2_rest_002_00"", ""atten_dsr_VP017_gonogo2_rest_003_01"", ""atten_dsr_VP017_gonogo2_task_004_01"", ""atten_dsr_VP017_gonogo2_rest_004_00"", ""atten_dsr_VP017_gonogo2_rest_006_00"", ""atten_dsr_VP017_gonogo3_task_001_00"", ""atten_dsr_VP017_gonogo3_task_001_01"", ""atten_dsr_VP017_gonogo3_rest_001_00"", ""atten_dsr_VP017_gonogo3_rest_002_00"", ""atten_dsr_VP017_gonogo3_task_003_00"", ""atten_dsr_VP017_gonogo3_rest_003_00"", ""atten_dsr_VP017_gonogo3_task_004_00"", ""atten_dsr_VP017_gonogo3_rest_005_00""]","[""atten_dsr_VP017_gonogo1_task_001_00"", ""atten_dsr_VP017_gonogo1_task_001_01"", ""atten_dsr_VP017_gonogo1_rest_001_00"", ""atten_dsr_VP017_gonogo1_rest_001_01"", ""atten_dsr_VP017_gonogo1_task_002_01"", ""atten_dsr_VP017_gonogo1_rest_002_00"", ""atten_dsr_VP017_gonogo1_rest_002_01"", ""atten_dsr_VP017_gonogo1_task_003_01"", ""atten_dsr_VP017_gonogo1_rest_003_00"", ""atten_dsr_VP017_gonogo1_rest_003_01"", ""atten_dsr_VP017_gonogo1_rest_004_01"", ""atten_dsr_VP017_gonogo1_task_005_01"", ""atten_dsr_VP017_gonogo1_rest_005_00"", ""atten_dsr_VP017_gonogo1_rest_005_01"", ""atten_dsr_VP017_gonogo1_task_006_00"", ""atten_dsr_VP017_gonogo1_task_006_01"", ""atten_dsr_VP017_gonogo1_rest_006_00"", ""atten_dsr_VP017_gonogo2_task_001_01"", ""atten_dsr_VP017_gonogo2_rest_001_00"", ""atten_dsr_VP017_gonogo2_task_002_00"", ""atten_dsr_VP017_gonogo2_task_002_01"", ""atten_dsr_VP017_gonogo2_rest_002_01"", ""atten_dsr_VP017_gonogo2_task_003_00"", ""atten_dsr_VP017_gonogo2_task_003_01"", ""atten_dsr_VP017_gonogo2_rest_003_00"", ""atten_dsr_VP017_gonogo2_task_004_00"", ""atten_dsr_VP017_gonogo2_rest_004_01"", ""atten_dsr_VP017_gonogo2_task_005_00"", ""atten_dsr_VP017_gonogo2_task_005_01"", ""atten_dsr_VP017_gonogo2_rest_005_00"", ""atten_dsr_VP017_gonogo2_rest_005_01"", ""atten_dsr_VP017_gonogo2_task_006_00"", ""atten_dsr_VP017_gonogo2_task_006_01"", ""atten_dsr_VP017_gonogo2_rest_006_01"", ""atten_dsr_VP017_gonogo3_rest_001_01"", ""atten_dsr_VP017_gonogo3_task_002_00"", ""atten_dsr_VP017_gonogo3_task_002_01"", ""atten_dsr_VP017_gonogo3_rest_002_01"", ""atten_dsr_VP017_gonogo3_task_003_01"", ""atten_dsr_VP017_gonogo3_rest_003_01"", ""atten_dsr_VP017_gonogo3_task_004_01"", ""atten_dsr_VP017_gonogo3_rest_004_00"", ""atten_dsr_VP017_gonogo3_rest_004_01"", ""atten_dsr_VP017_gonogo3_task_005_00"", ""atten_dsr_VP017_gonogo3_task_005_01"", ""atten_dsr_VP017_gonogo3_rest_005_01"", ""atten_dsr_VP017_gonogo3_task_006_00"", ""atten_dsr_VP017_gonogo3_task_006_01"", ""atten_dsr_VP017_gonogo3_rest_006_00"", ""atten_dsr_VP017_gonogo3_rest_006_01""]",True,,0.6744347826086956,76,100,0.72,0.719551282051282,0.7214170692431562,0.72,0.43999999999999995
VP018,2023,pooled_refit,0.30,0.3055555555555556,22,50,"{""0"": 11, ""1"": 11}","{""0"": 25, ""1"": 25}","[""atten_dsr_VP018_gonogo1_task_002_00"", ""atten_dsr_VP018_gonogo1_task_003_00"", ""atten_dsr_VP018_gonogo1_task_004_00"", ""atten_dsr_VP018_gonogo1_task_004_01"", ""atten_dsr_VP018_gonogo1_rest_004_00"", ""atten_dsr_VP018_gonogo1_task_005_00"", ""atten_dsr_VP018_gonogo1_rest_006_01"", ""atten_dsr_VP018_gonogo2_task_001_00"", ""atten_dsr_VP018_gonogo2_rest_001_01"", ""atten_dsr_VP018_gonogo2_rest_002_00"", ""atten_dsr_VP018_gonogo2_rest_003_01"", ""atten_dsr_VP018_gonogo2_task_004_01"", ""atten_dsr_VP018_gonogo2_rest_004_00"", ""atten_dsr_VP018_gonogo2_rest_006_00"", ""atten_dsr_VP018_gonogo3_task_001_00"", ""atten_dsr_VP018_gonogo3_task_001_01"", ""atten_dsr_VP018_gonogo3_rest_001_00"", ""atten_dsr_VP018_gonogo3_rest_002_00"", ""atten_dsr_VP018_gonogo3_task_003_00"", ""atten_dsr_VP018_gonogo3_rest_003_00"", ""atten_dsr_VP018_gonogo3_task_004_00"", ""atten_dsr_VP018_gonogo3_rest_005_00""]","[""atten_dsr_VP018_gonogo1_task_001_00"", ""atten_dsr_VP018_gonogo1_task_001_01"", ""atten_dsr_VP018_gonogo1_rest_001_00"", ""atten_dsr_VP018_gonogo1_rest_001_01"", ""atten_dsr_VP018_gonogo1_task_002_01"", ""atten_dsr_VP018_gonogo1_rest_002_00"", ""atten_dsr_VP018_gonogo1_rest_002_01"", ""atten_dsr_VP018_gonogo1_task_003_01"", ""atten_dsr_VP018_gonogo1_rest_003_00"", ""atten_dsr_VP018_gonogo1_rest_003_01"", ""atten_dsr_VP018_gonogo1_rest_004_01"", ""atten_dsr_VP018_gonogo1_task_005_01"", ""atten_dsr_VP018_gonogo1_rest_005_00"", ""atten_dsr_VP018_gonogo1_rest_005_01"", ""atten_dsr_VP018_gonogo1_task_006_00"", ""atten_dsr_VP018_gonogo1_task_006_01"", ""atten_dsr_VP018_gonogo1_rest_006_00"", ""atten_dsr_VP018_gonogo2_task_001_01"", ""atten_dsr_VP018_gonogo2_rest_001_00"", ""atten_dsr_VP018_gonogo2_task_002_00"", ""atten_dsr_VP018_gonogo2_task_002_01"", ""atten_dsr_VP018_gonogo2_rest_002_01"", ""atten_dsr_VP018_gonogo2_task_003_00"", ""atten_dsr_VP018_gonogo2_task_003_01"", ""atten_dsr_VP018_gonogo2_rest_003_00"", ""atten_dsr_VP018_gonogo2_task_004_00"", ""atten_dsr_VP018_gonogo2_rest_004_01"", ""atten_dsr_VP018_gonogo2_task_005_00"", ""atten_dsr_VP018_gonogo2_task_005_01"", ""atten_dsr_VP018_gonogo2_rest_005_00"", ""atten_dsr_VP018_gonogo2_rest_005_01"", ""atten_dsr_VP018_gonogo2_task_006_00"", ""atten_dsr_VP018_gonogo2_task_006_01"", ""atten_dsr_VP018_gonogo2_rest_006_01"", ""atten_dsr_VP018_gonogo3_rest_001_01"", ""atten_dsr_VP018_gonogo3_task_002_00"", ""atten_dsr_VP018_gonogo3_task_002_01"", ""atten_dsr_VP018_gonogo3_rest_002_01"", ""atten_dsr_VP018_gonogo3_task_003_01"", ""atten_dsr_VP018_gonogo3_rest_003_01"", ""atten_dsr_VP018_gonogo3_task_004_01"", ""atten_dsr_VP018_gonogo3_rest_004_00"", ""atten_dsr_VP018_gonogo3_rest_004_01"", ""atten_dsr_VP018_gonogo3_task_005_00"", ""atten_dsr_VP018_gonogo3_task_005_01"", ""atten_dsr_VP018_gonogo3_rest_005_01"", ""atten_dsr_VP018_gonogo3_task_006_00"", ""atten_dsr_VP018_gonogo3_task_006_01"", ""atten_dsr_VP018_gonogo3_rest_006_00"", ""atten_dsr_VP018_gonogo3_rest_006_01""]",True,,0.6440489432703003,66,96,0.62,0.6161616161616161,0.625,0.62,0.24
VP019,2023,pooled_refit,0.30,0.3055555555555556,22,50,"{""0"": 11, ""1"": 11}","{""0"": 25, ""1"": 25}","[""atten_dsr_VP019_gonogo1_task_002_00"", ""atten_dsr_VP019_gonogo1_task_003_00"", ""atten_dsr_VP019_gonogo1_task_004_00"", ""atten_dsr_VP019_gonogo1_task_004_01"", ""atten_dsr_VP019_gonogo1_rest_004_00"", ""atten_dsr_VP019_gonogo1_task_005_00"", ""atten_dsr_VP019_gonogo1_rest_006_01"", ""atten_dsr_VP019_gonogo2_task_001_00"", ""atten_dsr_VP019_gonogo2_rest_001_01"", ""atten_dsr_VP019_gonogo2_rest_002_00"", ""atten_dsr_VP019_gonogo2_rest_003_01"", ""atten_dsr_VP019_gonogo2_task_004_01"", ""atten_dsr_VP019_gonogo2_rest_004_00"", ""atten_dsr_VP019_gonogo2_rest_006_00"", ""atten_dsr_VP019_gonogo3_task_001_00"", ""atten_dsr_VP019_gonogo3_task_001_01"", ""atten_dsr_VP019_gonogo3_rest_001_00"", ""atten_dsr_VP019_gonogo3_rest_002_00"", ""atten_dsr_VP019_gonogo3_task_003_00"", ""atten_dsr_VP019_gonogo3_rest_003_00"", ""atten_dsr_VP019_gonogo3_task_004_00"", ""atten_dsr_VP019_gonogo3_rest_005_00""]","[""atten_dsr_VP019_gonogo1_task_001_00"", ""atten_dsr_VP019_gonogo1_task_001_01"", ""atten_dsr_VP019_gonogo1_rest_001_00"", ""atten_dsr_VP019_gonogo1_rest_001_01"", ""atten_dsr_VP019_gonogo1_task_002_01"", ""atten_dsr_VP019_gonogo1_rest_002_00"", ""atten_dsr_VP019_gonogo1_rest_002_01"", ""atten_dsr_VP019_gonogo1_task_003_01"", ""atten_dsr_VP019_gonogo1_rest_003_00"", ""atten_dsr_VP019_gonogo1_rest_003_01"", ""atten_dsr_VP019_gonogo1_rest_004_01"", ""atten_dsr_VP019_gonogo1_task_005_01"", ""atten_dsr_VP019_gonogo1_rest_005_00"", ""atten_dsr_VP019_gonogo1_rest_005_01"", ""atten_dsr_VP019_gonogo1_task_006_00"", ""atten_dsr_VP019_gonogo1_task_006_01"", ""atten_dsr_VP019_gonogo1_rest_006_00"", ""atten_dsr_VP019_gonogo2_task_001_01"", ""atten_dsr_VP019_gonogo2_rest_001_00"", ""atten_dsr_VP019_gonogo2_task_002_00"", ""atten_dsr_VP019_gonogo2_task_002_01"", ""atten_dsr_VP019_gonogo2_rest_002_01"", ""atten_dsr_VP019_gonogo2_task_003_00"", ""atten_dsr_VP019_gonogo2_task_003_01"", ""atten_dsr_VP019_gonogo2_rest_003_00"", ""atten_dsr_VP019_gonogo2_task_004_00"", ""atten_dsr_VP019_gonogo2_rest_004_01"", ""atten_dsr_VP019_gonogo2_task_005_00"", ""atten_dsr_VP019_gonogo2_task_005_01"", ""atten_dsr_VP019_gonogo2_rest_005_00"", ""atten_dsr_VP019_gonogo2_rest_005_01"", ""atten_dsr_VP019_gonogo2_task_006_00"", ""atten_dsr_VP019_gonogo2_task_006_01"", ""atten_dsr_VP019_gonogo2_rest_006_01"", ""atten_dsr_VP019_gonogo3_rest_001_01"", ""atten_dsr_VP019_gonogo3_task_002_00"", ""atten_dsr_VP019_gonogo3_task_002_01"", ""atten_dsr_VP019_gonogo3_rest_002_01"", ""atten_dsr_VP019_gonogo3_task_003_01"", ""atten_dsr_VP019_gonogo3_rest_003_01"", ""atten_dsr_VP019_gonogo3_task_004_01"", ""atten_dsr_VP019_gonogo3_rest_004_00"", ""atten_dsr_VP019_gonogo3_rest_004_01"", ""atten_dsr_VP019_gonogo3_task_005_00"", ""atten_dsr_VP019_gonogo3_task_005_01"", ""atten_dsr_VP019_gonogo3_rest_005_01"", ""atten_dsr_VP019_gonogo3_task_006_00"", ""atten_dsr_VP019_gonogo3_task_006_01"", ""atten_dsr_VP019_gonogo3_rest_006_00"", ""atten_dsr_VP019_gonogo3_rest_006_01""]",True,,0.6823529411764706,84,100,0.8,0.8,0.8,0.8,0.6
VP020,2023,pooled_refit,0.30,0.3055555555555556,22,50,"{""0"": 11, ""1"": 11}","{""0"": 25, ""1"": 25}","[""atten_dsr_VP020_gonogo1_task_002_00"", ""atten_dsr_VP020_gonogo1_task_003_00"", ""atten_dsr_VP020_gonogo1_task_004_00"", ""atten_dsr_VP020_gonogo1_task_004_01"", ""atten_dsr_VP020_gonogo1_rest_004_00"", ""atten_dsr_VP020_gonogo1_task_005_00"", ""atten_dsr_VP020_gonogo1_rest_006_01"", ""atten_dsr_VP020_gonogo2_task_001_00"", ""atten_dsr_VP020_gonogo2_rest_001_01"", ""atten_dsr_VP020_gonogo2_rest_002_00"", ""atten_dsr_VP020_gonogo2_rest_003_01"", ""atten_dsr_VP020_gonogo2_task_004_01"", ""atten_dsr_VP020_gonogo2_rest_004_00"", ""atten_dsr_VP020_gonogo2_rest_006_00"", ""atten_dsr_VP020_gonogo3_task_001_00"", ""atten_dsr_VP020_gonogo3_task_001_01"", ""atten_dsr_VP020_gonogo3_rest_001_00"", ""atten_dsr_VP020_gonogo3_rest_002_00"", ""atten_dsr_VP020_gonogo3_task_003_00"", ""atten_dsr_VP020_gonogo3_rest_003_00"", ""atten_dsr_VP020_gonogo3_task_004_00"", ""atten_dsr_VP020_gonogo3_rest_005_00""]","[""atten_dsr_VP020_gonogo1_task_001_00"", ""atten_dsr_VP020_gonogo1_task_001_01"", ""atten_dsr_VP020_gonogo1_rest_001_00"", ""atten_dsr_VP020_gonogo1_rest_001_01"", ""atten_dsr_VP020_gonogo1_task_002_01"", ""atten_dsr_VP020_gonogo1_rest_002_00"", ""atten_dsr_VP020_gonogo1_rest_002_01"", ""atten_dsr_VP020_gonogo1_task_003_01"", ""atten_dsr_VP020_gonogo1_rest_003_00"", ""atten_dsr_VP020_gonogo1_rest_003_01"", ""atten_dsr_VP020_gonogo1_rest_004_01"", ""atten_dsr_VP020_gonogo1_task_005_01"", ""atten_dsr_VP020_gonogo1_rest_005_00"", ""atten_dsr_VP020_gonogo1_rest_005_01"", ""atten_dsr_VP020_gonogo1_task_006_00"", ""atten_dsr_VP020_gonogo1_task_006_01"", ""atten_dsr_VP020_gonogo1_rest_006_00"", ""atten_dsr_VP020_gonogo2_task_001_01"", ""atten_dsr_VP020_gonogo2_rest_001_00"", ""atten_dsr_VP020_gonogo2_task_002_00"", ""atten_dsr_VP020_gonogo2_task_002_01"", ""atten_dsr_VP020_gonogo2_rest_002_01"", ""atten_dsr_VP020_gonogo2_task_003_00"", ""atten_dsr_VP020_gonogo2_task_003_01"", ""atten_dsr_VP020_gonogo2_rest_003_00"", ""atten_dsr_VP020_gonogo2_task_004_00"", ""atten_dsr_VP020_gonogo2_rest_004_01"", ""atten_dsr_VP020_gonogo2_task_005_00"", ""atten_dsr_VP020_gonogo2_task_005_01"", ""atten_dsr_VP020_gonogo2_rest_005_00"", ""atten_dsr_VP020_gonogo2_rest_005_01"", ""atten_dsr_VP020_gonogo2_task_006_00"", ""atten_dsr_VP020_gonogo2_task_006_01"", ""atten_dsr_VP020_gonogo2_rest_006_01"", ""atten_dsr_VP020_gonogo3_rest_001_01"", ""atten_dsr_VP020_gonogo3_task_002_00"", ""atten_dsr_VP020_gonogo3_task_002_01"", ""atten_dsr_VP020_gonogo3_rest_002_01"", ""atten_dsr_VP020_gonogo3_task_003_01"", ""atten_dsr_VP020_gonogo3_rest_003_01"", ""atten_dsr_VP020_gonogo3_task_004_01"", ""atten_dsr_VP020_gonogo3_rest_004_00"", ""atten_dsr_VP020_gonogo3_rest_004_01"", ""atten_dsr_VP020_gonogo3_task_005_00"", ""atten_dsr_VP020_gonogo3_task_005_01"", ""atten_dsr_VP020_gonogo3_rest_005_01"", ""atten_dsr_VP020_gonogo3_task_006_00"", ""atten_dsr_VP020_gonogo3_task_006_01"", ""atten_dsr_VP020_gonogo3_rest_006_00"", ""atten_dsr_VP020_gonogo3_rest_006_01""]",True,,0.6666563782832804,76,100,0.76,0.7596153846153846,0.7616747181964574,0.76,0.52
VP021,2023,pooled_refit,0.30,0.3055555555555556,22,50,"{""0"": 11, ""1"": 11}","{""0"": 25, ""1"": 25}","[""atten_dsr_VP021_gonogo1_task_002_00"", ""atten_dsr_VP021_gonogo1_task_003_00"", ""atten_dsr_VP021_gonogo1_task_004_00"", ""atten_dsr_VP021_gonogo1_task_004_01"", ""atten_dsr_VP021_gonogo1_rest_004_00"", ""atten_dsr_VP021_gonogo1_task_005_00"", ""atten_dsr_VP021_gonogo1_rest_006_01"", ""atten_dsr_VP021_gonogo2_task_001_00"", ""atten_dsr_VP021_gonogo2_rest_001_01"", ""atten_dsr_VP021_gonogo2_rest_002_00"", ""atten_dsr_VP021_gonogo2_rest_003_01"", ""atten_dsr_VP021_gonogo2_task_004_01"", ""atten_dsr_VP021_gonogo2_rest_004_00"", ""atten_dsr_VP021_gonogo2_rest_006_00"", ""atten_dsr_VP021_gonogo3_task_001_00"", ""atten_dsr_VP021_gonogo3_task_001_01"", ""atten_dsr_VP021_gonogo3_rest_001_00"", ""atten_dsr_VP021_gonogo3_rest_002_00"", ""atten_dsr_VP021_gonogo3_task_003_00"", ""atten_dsr_VP021_gonogo3_rest_003_00"", ""atten_dsr_VP021_gonogo3_task_004_00"", ""atten_dsr_VP021_gonogo3_rest_005_00""]","[""atten_dsr_VP021_gonogo1_task_001_00"", ""atten_dsr_VP021_gonogo1_task_001_01"", ""atten_dsr_VP021_gonogo1_rest_001_00"", ""atten_dsr_VP021_gonogo1_rest_001_01"", ""atten_dsr_VP021_gonogo1_task_002_01"", ""atten_dsr_VP021_gonogo1_rest_002_00"", ""atten_dsr_VP021_gonogo1_rest_002_01"", ""atten_dsr_VP021_gonogo1_task_003_01"", ""atten_dsr_VP021_gonogo1_rest_003_00"", ""atten_dsr_VP021_gonogo1_rest_003_01"", ""atten_dsr_VP021_gonogo1_rest_004_01"", ""atten_dsr_VP021_gonogo1_task_005_01"", ""atten_dsr_VP021_gonogo1_rest_005_00"", ""atten_dsr_VP021_gonogo1_rest_005_01"", ""atten_dsr_VP021_gonogo1_task_006_00"", ""atten_dsr_VP021_gonogo1_task_006_01"", ""atten_dsr_VP021_gonogo1_rest_006_00"", ""atten_dsr_VP021_gonogo2_task_001_01"", ""atten_dsr_VP021_gonogo2_rest_001_00"", ""atten_dsr_VP021_gonogo2_task_002_00"", ""atten_dsr_VP021_gonogo2_task_002_01"", ""atten_dsr_VP021_gonogo2_rest_002_01"", ""atten_dsr_VP021_gonogo2_task_003_00"", ""atten_dsr_VP021_gonogo2_task_003_01"", ""atten_dsr_VP021_gonogo2_rest_003_00"", ""atten_dsr_VP021_gonogo2_task_004_00"", ""atten_dsr_VP021_gonogo2_rest_004_01"", ""atten_dsr_VP021_gonogo2_task_005_00"", ""atten_dsr_VP021_gonogo2_task_005_01"", ""atten_dsr_VP021_gonogo2_rest_005_00"", ""atten_dsr_VP021_gonogo2_rest_005_01"", ""atten_dsr_VP021_gonogo2_task_006_00"", ""atten_dsr_VP021_gonogo2_task_006_01"", ""atten_dsr_VP021_gonogo2_rest_006_01"", ""atten_dsr_VP021_gonogo3_rest_001_01"", ""atten_dsr_VP021_gonogo3_task_002_00"", ""atten_dsr_VP021_gonogo3_task_002_01"", ""atten_dsr_VP021_gonogo3_rest_002_01"", ""atten_dsr_VP021_gonogo3_task_003_01"", ""atten_dsr_VP021_gonogo3_rest_003_01"", ""atten_dsr_VP021_gonogo3_task_004_01"", ""atten_dsr_VP021_gonogo3_rest_004_00"", ""atten_dsr_VP021_gonogo3_rest_004_01"", ""atten_dsr_VP021_gonogo3_task_005_00"", ""atten_dsr_VP021_gonogo3_task_005_01"", ""atten_dsr_VP021_gonogo3_rest_005_01"", ""atten_dsr_VP021_gonogo3_task_006_00"", ""atten_dsr_VP021_gonogo3_task_006_01"", ""atten_dsr_VP021_gonogo3_rest_006_00"", ""atten_dsr_VP021_gonogo3_rest_006_01""]",True,,0.5944444444444444,59,89,0.66,0.6587715776796468,0.6623376623376623,0.6599999999999999,0.31999999999999995
VP022,2023,pooled_refit,0.30,0.3055555555555556,22,50,"{""0"": 11, ""1"": 11}","{""0"": 25, ""1"": 25}","[""atten_dsr_VP022_gonogo1_task_002_00"", ""atten_dsr_VP022_gonogo1_task_003_00"", ""atten_dsr_VP022_gonogo1_task_004_00"", ""atten_dsr_VP022_gonogo1_task_004_01"", ""atten_dsr_VP022_gonogo1_rest_004_00"", ""atten_dsr_VP022_gonogo1_task_005_00"", ""atten_dsr_VP022_gonogo1_rest_006_01"", ""atten_dsr_VP022_gonogo2_task_001_00"", ""atten_dsr_VP022_gonogo2_rest_001_01"", ""atten_dsr_VP022_gonogo2_rest_002_00"", ""atten_dsr_VP022_gonogo2_rest_003_01"", ""atten_dsr_VP022_gonogo2_task_004_01"", ""atten_dsr_VP022_gonogo2_rest_004_00"", ""atten_dsr_VP022_gonogo2_rest_006_00"", ""atten_dsr_VP022_gonogo3_task_001_00"", ""atten_dsr_VP022_gonogo3_task_001_01"", ""atten_dsr_VP022_gonogo3_rest_001_00"", ""atten_dsr_VP022_gonogo3_rest_002_00"", ""atten_dsr_VP022_gonogo3_task_003_00"", ""atten_dsr_VP022_gonogo3_rest_003_00"", ""atten_dsr_VP022_gonogo3_task_004_00"", ""atten_dsr_VP022_gonogo3_rest_005_00""]","[""atten_dsr_VP022_gonogo1_task_001_00"", ""atten_dsr_VP022_gonogo1_task_001_01"", ""atten_dsr_VP022_gonogo1_rest_001_00"", ""atten_dsr_VP022_gonogo1_rest_001_01"", ""atten_dsr_VP022_gonogo1_task_002_01"", ""atten_dsr_VP022_gonogo1_rest_002_00"", ""atten_dsr_VP022_gonogo1_rest_002_01"", ""atten_dsr_VP022_gonogo1_task_003_01"", ""atten_dsr_VP022_gonogo1_rest_003_00"", ""atten_dsr_VP022_gonogo1_rest_003_01"", ""atten_dsr_VP022_gonogo1_rest_004_01"", ""atten_dsr_VP022_gonogo1_task_005_01"", ""atten_dsr_VP022_gonogo1_rest_005_00"", ""atten_dsr_VP022_gonogo1_rest_005_01"", ""atten_dsr_VP022_gonogo1_task_006_00"", ""atten_dsr_VP022_gonogo1_task_006_01"", ""atten_dsr_VP022_gonogo1_rest_006_00"", ""atten_dsr_VP022_gonogo2_task_001_01"", ""atten_dsr_VP022_gonogo2_rest_001_00"", ""atten_dsr_VP022_gonogo2_task_002_00"", ""atten_dsr_VP022_gonogo2_task_002_01"", ""atten_dsr_VP022_gonogo2_rest_002_01"", ""atten_dsr_VP022_gonogo2_task_003_00"", ""atten_dsr_VP022_gonogo2_task_003_01"", ""atten_dsr_VP022_gonogo2_rest_003_00"", ""atten_dsr_VP022_gonogo2_task_004_00"", ""atten_dsr_VP022_gonogo2_rest_004_01"", ""atten_dsr_VP022_gonogo2_task_005_00"", ""atten_dsr_VP022_gonogo2_task_005_01"", ""atten_dsr_VP022_gonogo2_rest_005_00"", ""atten_dsr_VP022_gonogo2_rest_005_01"", ""atten_dsr_VP022_gonogo2_task_006_00"", ""atten_dsr_VP022_gonogo2_task_006_01"", ""atten_dsr_VP022_gonogo2_rest_006_01"", ""atten_dsr_VP022_gonogo3_rest_001_01"", ""atten_dsr_VP022_gonogo3_task_002_00"", ""atten_dsr_VP022_gonogo3_task_002_01"", ""atten_dsr_VP022_gonogo3_rest_002_01"", ""atten_dsr_VP022_gonogo3_task_003_01"", ""atten_dsr_VP022_gonogo3_rest_003_01"", ""atten_dsr_VP022_gonogo3_task_004_01"", ""atten_dsr_VP022_gonogo3_rest_004_00"", ""atten_dsr_VP022_gonogo3_rest_004_01"", ""atten_dsr_VP022_gonogo3_task_005_00"", ""atten_dsr_VP022_gonogo3_task_005_01"", ""atten_dsr_VP022_gonogo3_rest_005_01"", ""atten_dsr_VP022_gonogo3_task_006_00"", ""atten_dsr_VP022_gonogo3_task_006_01"", ""atten_dsr_VP022_gonogo3_rest_006_00"", ""atten_dsr_VP022_gonogo3_rest_006_01""]",True,,0.6787485159578183,66,96,0.48,0.4025735294117647,0.4584717607973422,0.48,-0.040000000000000036
VP023,2023,pooled_refit,0.30,0.3055555555555556,22,50,"{""0"": 11, ""1"": 11}","{""0"": 25, ""1"": 25}","[""atten_dsr_VP023_gonogo1_task_002_00"", ""atten_dsr_VP023_gonogo1_task_003_00"", ""atten_dsr_VP023_gonogo1_task_004_00"", ""atten_dsr_VP023_gonogo1_task_004_01"", ""atten_dsr_VP023_gonogo1_rest_004_00"", ""atten_dsr_VP023_gonogo1_task_005_00"", ""atten_dsr_VP023_gonogo1_rest_006_01"", ""atten_dsr_VP023_gonogo2_task_001_00"", ""atten_dsr_VP023_gonogo2_rest_001_01"", ""atten_dsr_VP023_gonogo2_rest_002_00"", ""atten_dsr_VP023_gonogo2_rest_003_01"", ""atten_dsr_VP023_gonogo2_task_004_01"", ""atten_dsr_VP023_gonogo2_rest_004_00"", ""atten_dsr_VP023_gonogo2_rest_006_00"", ""atten_dsr_VP023_gonogo3_task_001_00"", ""atten_dsr_VP023_gonogo3_task_001_01"", ""atten_dsr_VP023_gonogo3_rest_001_00"", ""atten_dsr_VP023_gonogo3_rest_002_00"", ""atten_dsr_VP023_gonogo3_task_003_00"", ""atten_dsr_VP023_gonogo3_rest_003_00"", ""atten_dsr_VP023_gonogo3_task_004_00"", ""atten_dsr_VP023_gonogo3_rest_005_00""]","[""atten_dsr_VP023_gonogo1_task_001_00"", ""atten_dsr_VP023_gonogo1_task_001_01"", ""atten_dsr_VP023_gonogo1_rest_001_00"", ""atten_dsr_VP023_gonogo1_rest_001_01"", ""atten_dsr_VP023_gonogo1_task_002_01"", ""atten_dsr_VP023_gonogo1_rest_002_00"", ""atten_dsr_VP023_gonogo1_rest_002_01"", ""atten_dsr_VP023_gonogo1_task_003_01"", ""atten_dsr_VP023_gonogo1_rest_003_00"", ""atten_dsr_VP023_gonogo1_rest_003_01"", ""atten_dsr_VP023_gonogo1_rest_004_01"", ""atten_dsr_VP023_gonogo1_task_005_01"", ""atten_dsr_VP023_gonogo1_rest_005_00"", ""atten_dsr_VP023_gonogo1_rest_005_01"", ""atten_dsr_VP023_gonogo1_task_006_00"", ""atten_dsr_VP023_gonogo1_task_006_01"", ""atten_dsr_VP023_gonogo1_rest_006_00"", ""atten_dsr_VP023_gonogo2_task_001_01"", ""atten_dsr_VP023_gonogo2_rest_001_00"", ""atten_dsr_VP023_gonogo2_task_002_00"", ""atten_dsr_VP023_gonogo2_task_002_01"", ""atten_dsr_VP023_gonogo2_rest_002_01"", ""atten_dsr_VP023_gonogo2_task_003_00"", ""atten_dsr_VP023_gonogo2_task_003_01"", ""atten_dsr_VP023_gonogo2_rest_003_00"", ""atten_dsr_VP023_gonogo2_task_004_00"", ""atten_dsr_VP023_gonogo2_rest_004_01"", ""atten_dsr_VP023_gonogo2_task_005_00"", ""atten_dsr_VP023_gonogo2_task_005_01"", ""atten_dsr_VP023_gonogo2_rest_005_00"", ""atten_dsr_VP023_gonogo2_rest_005_01"", ""atten_dsr_VP023_gonogo2_task_006_00"", ""atten_dsr_VP023_gonogo2_task_006_01"", ""atten_dsr_VP023_gonogo2_rest_006_01"", ""atten_dsr_VP023_gonogo3_rest_001_01"", ""atten_dsr_VP023_gonogo3_task_002_00"", ""atten_dsr_VP023_gonogo3_task_002_01"", ""atten_dsr_VP023_gonogo3_rest_002_01"", ""atten_dsr_VP023_gonogo3_task_003_01"", ""atten_dsr_VP023_gonogo3_rest_003_01"", ""atten_dsr_VP023_gonogo3_task_004_01"", ""atten_dsr_VP023_gonogo3_rest_004_00"", ""atten_dsr_VP023_gonogo3_rest_004_01"", ""atten_dsr_VP023_gonogo3_task_005_00"", ""atten_dsr_VP023_gonogo3_task_005_01"", ""atten_dsr_VP023_gonogo3_rest_005_01"", ""atten_dsr_VP023_gonogo3_task_006_00"", ""atten_dsr_VP023_gonogo3_task_006_01"", ""atten_dsr_VP023_gonogo3_rest_006_00"", ""atten_dsr_VP023_gonogo3_rest_006_01""]",True,,0.6972198859559102,57,87,0.56,0.5098039215686274,0.6016260162601625,0.56,0.12
VP024,2023,pooled_refit,0.30,0.3055555555555556,22,50,"{""0"": 11, ""1"": 11}","{""0"": 25, ""1"": 25}","[""atten_dsr_VP024_gonogo1_task_002_00"", ""atten_dsr_VP024_gonogo1_task_003_00"", ""atten_dsr_VP024_gonogo1_task_004_00"", ""atten_dsr_VP024_gonogo1_task_004_01"", ""atten_dsr_VP024_gonogo1_rest_004_00"", ""atten_dsr_VP024_gonogo1_task_005_00"", ""atten_dsr_VP024_gonogo1_rest_006_01"", ""atten_dsr_VP024_gonogo2_task_001_00"", ""atten_dsr_VP024_gonogo2_rest_001_01"", ""atten_dsr_VP024_gonogo2_rest_002_00"", ""atten_dsr_VP024_gonogo2_rest_003_01"", ""atten_dsr_VP024_gonogo2_task_004_01"", ""atten_dsr_VP024_gonogo2_rest_004_00"", ""atten_dsr_VP024_gonogo2_rest_006_00"", ""atten_dsr_VP024_gonogo3_task_001_00"", ""atten_dsr_VP024_gonogo3_task_001_01"", ""atten_dsr_VP024_gonogo3_rest_001_00"", ""atten_dsr_VP024_gonogo3_rest_002_00"", ""atten_dsr_VP024_gonogo3_task_003_00"", ""atten_dsr_VP024_gonogo3_rest_003_00"", ""atten_dsr_VP024_gonogo3_task_004_00"", ""atten_dsr_VP024_gonogo3_rest_005_00""]","[""atten_dsr_VP024_gonogo1_task_001_00"", ""atten_dsr_VP024_gonogo1_task_001_01"", ""atten_dsr_VP024_gonogo1_rest_001_00"", ""atten_dsr_VP024_gonogo1_rest_001_01"", ""atten_dsr_VP024_gonogo1_task_002_01"", ""atten_dsr_VP024_gonogo1_rest_002_00"", ""atten_dsr_VP024_gonogo1_rest_002_01"", ""atten_dsr_VP024_gonogo1_task_003_01"", ""atten_dsr_VP024_gonogo1_rest_003_00"", ""atten_dsr_VP024_gonogo1_rest_003_01"", ""atten_dsr_VP024_gonogo1_rest_004_01"", ""atten_dsr_VP024_gonogo1_task_005_01"", ""atten_dsr_VP024_gonogo1_rest_005_00"", ""atten_dsr_VP024_gonogo1_rest_005_01"", ""atten_dsr_VP024_gonogo1_task_006_00"", ""atten_dsr_VP024_gonogo1_task_006_01"", ""atten_dsr_VP024_gonogo1_rest_006_00"", ""atten_dsr_VP024_gonogo2_task_001_01"", ""atten_dsr_VP024_gonogo2_rest_001_00"", ""atten_dsr_VP024_gonogo2_task_002_00"", ""atten_dsr_VP024_gonogo2_task_002_01"", ""atten_dsr_VP024_gonogo2_rest_002_01"", ""atten_dsr_VP024_gonogo2_task_003_00"", ""atten_dsr_VP024_gonogo2_task_003_01"", ""atten_dsr_VP024_gonogo2_rest_003_00"", ""atten_dsr_VP024_gonogo2_task_004_00"", ""atten_dsr_VP024_gonogo2_rest_004_01"", ""atten_dsr_VP024_gonogo2_task_005_00"", ""atten_dsr_VP024_gonogo2_task_005_01"", ""atten_dsr_VP024_gonogo2_rest_005_00"", ""atten_dsr_VP024_gonogo2_rest_005_01"", ""atten_dsr_VP024_gonogo2_task_006_00"", ""atten_dsr_VP024_gonogo2_task_006_01"", ""atten_dsr_VP024_gonogo2_rest_006_01"", ""atten_dsr_VP024_gonogo3_rest_001_01"", ""atten_dsr_VP024_gonogo3_task_002_00"", ""atten_dsr_VP024_gonogo3_task_002_01"", ""atten_dsr_VP024_gonogo3_rest_002_01"", ""atten_dsr_VP024_gonogo3_task_003_01"", ""atten_dsr_VP024_gonogo3_rest_003_01"", ""atten_dsr_VP024_gonogo3_task_004_01"", ""atten_dsr_VP024_gonogo3_rest_004_00"", ""atten_dsr_VP024_gonogo3_rest_004_01"", ""atten_dsr_VP024_gonogo3_task_005_00"", ""atten_dsr_VP024_gonogo3_task_005_01"", ""atten_dsr_VP024_gonogo3_rest_005_01"", ""atten_dsr_VP024_gonogo3_task_006_00"", ""atten_dsr_VP024_gonogo3_task_006_01"", ""atten_dsr_VP024_gonogo3_rest_006_00"", ""atten_dsr_VP024_gonogo3_rest_006_01""]",True,,0.6631377067689523,55,85,0.58,0.5384615384615385,0.625,0.5800000000000001,0.16000000000000003
VP025,2023,pooled_refit,0.30,0.3055555555555556,22,50,"{""0"": 11, ""1"": 11}","{""0"": 25, ""1"": 25}","[""atten_dsr_VP025_gonogo1_task_002_00"", ""atten_dsr_VP025_gonogo1_task_003_00"", ""atten_dsr_VP025_gonogo1_task_004_00"", ""atten_dsr_VP025_gonogo1_task_004_01"", ""atten_dsr_VP025_gonogo1_rest_004_00"", ""atten_dsr_VP025_gonogo1_task_005_00"", ""atten_dsr_VP025_gonogo1_rest_006_01"", ""atten_dsr_VP025_gonogo2_task_001_00"", ""atten_dsr_VP025_gonogo2_rest_001_01"", ""atten_dsr_VP025_gonogo2_rest_002_00"", ""atten_dsr_VP025_gonogo2_rest_003_01"", ""atten_dsr_VP025_gonogo2_task_004_01"", ""atten_dsr_VP025_gonogo2_rest_004_00"", ""atten_dsr_VP025_gonogo2_rest_006_00"", ""atten_dsr_VP025_gonogo3_task_001_00"", ""atten_dsr_VP025_gonogo3_task_001_01"", ""atten_dsr_VP025_gonogo3_rest_001_00"", ""atten_dsr_VP025_gonogo3_rest_002_00"", ""atten_dsr_VP025_gonogo3_task_003_00"", ""atten_dsr_VP025_gonogo3_rest_003_00"", ""atten_dsr_VP025_gonogo3_task_004_00"", ""atten_dsr_VP025_gonogo3_rest_005_00""]","[""atten_dsr_VP025_gonogo1_task_001_00"", ""atten_dsr_VP025_gonogo1_task_001_01"", ""atten_dsr_VP025_gonogo1_rest_001_00"", ""atten_dsr_VP025_gonogo1_rest_001_01"", ""atten_dsr_VP025_gonogo1_task_002_01"", ""atten_dsr_VP025_gonogo1_rest_002_00"", ""atten_dsr_VP025_gonogo1_rest_002_01"", ""atten_dsr_VP025_gonogo1_task_003_01"", ""atten_dsr_VP025_gonogo1_rest_003_00"", ""atten_dsr_VP025_gonogo1_rest_003_01"", ""atten_dsr_VP025_gonogo1_rest_004_01"", ""atten_dsr_VP025_gonogo1_task_005_01"", ""atten_dsr_VP025_gonogo1_rest_005_00"", ""atten_dsr_VP025_gonogo1_rest_005_01"", ""atten_dsr_VP025_gonogo1_task_006_00"", ""atten_dsr_VP025_gonogo1_task_006_01"", ""atten_dsr_VP025_gonogo1_rest_006_00"", ""atten_dsr_VP025_gonogo2_task_001_01"", ""atten_dsr_VP025_gonogo2_rest_001_00"", ""atten_dsr_VP025_gonogo2_task_002_00"", ""atten_dsr_VP025_gonogo2_task_002_01"", ""atten_dsr_VP025_gonogo2_rest_002_01"", ""atten_dsr_VP025_gonogo2_task_003_00"", ""atten_dsr_VP025_gonogo2_task_003_01"", ""atten_dsr_VP025_gonogo2_rest_003_00"", ""atten_dsr_VP025_gonogo2_task_004_00"", ""atten_dsr_VP025_gonogo2_rest_004_01"", ""atten_dsr_VP025_gonogo2_task_005_00"", ""atten_dsr_VP025_gonogo2_task_005_01"", ""atten_dsr_VP025_gonogo2_rest_005_00"", ""atten_dsr_VP025_gonogo2_rest_005_01"", ""atten_dsr_VP025_gonogo2_task_006_00"", ""atten_dsr_VP025_gonogo2_task_006_01"", ""atten_dsr_VP025_gonogo2_rest_006_01"", ""atten_dsr_VP025_gonogo3_rest_001_01"", ""atten_dsr_VP025_gonogo3_task_002_00"", ""atten_dsr_VP025_gonogo3_task_002_01"", ""atten_dsr_VP025_gonogo3_rest_002_01"", ""atten_dsr_VP025_gonogo3_task_003_01"", ""atten_dsr_VP025_gonogo3_rest_003_01"", ""atten_dsr_VP025_gonogo3_task_004_01"", ""atten_dsr_VP025_gonogo3_rest_004_00"", ""atten_dsr_VP025_gonogo3_rest_004_01"", ""atten_dsr_VP025_gonogo3_task_005_00"", ""atten_dsr_VP025_gonogo3_task_005_01"", ""atten_dsr_VP025_gonogo3_rest_005_01"", ""atten_dsr_VP025_gonogo3_task_006_00"", ""atten_dsr_VP025_gonogo3_task_006_01"", ""atten_dsr_VP025_gonogo3_rest_006_00"", ""atten_dsr_VP025_gonogo3_rest_006_01""]",True,,0.6598407633445894,58,88,0.78,0.7756017951856384,0.8038194444444444,0.78,0.56
VP026,2023,pooled_refit,0.30,0.3055555555555556,22,50,"{""0"": 11, ""1"": 11}","{""0"": 25, ""1"": 25}","[""atten_dsr_VP026_gonogo1_task_002_00"", ""atten_dsr_VP026_gonogo1_task_003_00"", ""atten_dsr_VP026_gonogo1_task_004_00"", ""atten_dsr_VP026_gonogo1_task_004_01"", ""atten_dsr_VP026_gonogo1_rest_004_00"", ""atten_dsr_VP026_gonogo1_task_005_00"", ""atten_dsr_VP026_gonogo1_rest_006_01"", ""atten_dsr_VP026_gonogo2_task_001_00"", ""atten_dsr_VP026_gonogo2_rest_001_01"", ""atten_dsr_VP026_gonogo2_rest_002_00"", ""atten_dsr_VP026_gonogo2_rest_003_01"", ""atten_dsr_VP026_gonogo2_task_004_01"", ""atten_dsr_VP026_gonogo2_rest_004_00"", ""atten_dsr_VP026_gonogo2_rest_006_00"", ""atten_dsr_VP026_gonogo3_task_001_00"", ""atten_dsr_VP026_gonogo3_task_001_01"", ""atten_dsr_VP026_gonogo3_rest_001_00"", ""atten_dsr_VP026_gonogo3_rest_002_00"", ""atten_dsr_VP026_gonogo3_task_003_00"", ""atten_dsr_VP026_gonogo3_rest_003_00"", ""atten_dsr_VP026_gonogo3_task_004_00"", ""atten_dsr_VP026_gonogo3_rest_005_00""]","[""atten_dsr_VP026_gonogo1_task_001_00"", ""atten_dsr_VP026_gonogo1_task_001_01"", ""atten_dsr_VP026_gonogo1_rest_001_00"", ""atten_dsr_VP026_gonogo1_rest_001_01"", ""atten_dsr_VP026_gonogo1_task_002_01"", ""atten_dsr_VP026_gonogo1_rest_002_00"", ""atten_dsr_VP026_gonogo1_rest_002_01"", ""atten_dsr_VP026_gonogo1_task_003_01"", ""atten_dsr_VP026_gonogo1_rest_003_00"", ""atten_dsr_VP026_gonogo1_rest_003_01"", ""atten_dsr_VP026_gonogo1_rest_004_01"", ""atten_dsr_VP026_gonogo1_task_005_01"", ""atten_dsr_VP026_gonogo1_rest_005_00"", ""atten_dsr_VP026_gonogo1_rest_005_01"", ""atten_dsr_VP026_gonogo1_task_006_00"", ""atten_dsr_VP026_gonogo1_task_006_01"", ""atten_dsr_VP026_gonogo1_rest_006_00"", ""atten_dsr_VP026_gonogo2_task_001_01"", ""atten_dsr_VP026_gonogo2_rest_001_00"", ""atten_dsr_VP026_gonogo2_task_002_00"", ""atten_dsr_VP026_gonogo2_task_002_01"", ""atten_dsr_VP026_gonogo2_rest_002_01"", ""atten_dsr_VP026_gonogo2_task_003_00"", ""atten_dsr_VP026_gonogo2_task_003_01"", ""atten_dsr_VP026_gonogo2_rest_003_00"", ""atten_dsr_VP026_gonogo2_task_004_00"", ""atten_dsr_VP026_gonogo2_rest_004_01"", ""atten_dsr_VP026_gonogo2_task_005_00"", ""atten_dsr_VP026_gonogo2_task_005_01"", ""atten_dsr_VP026_gonogo2_rest_005_00"", ""atten_dsr_VP026_gonogo2_rest_005_01"", ""atten_dsr_VP026_gonogo2_task_006_00"", ""atten_dsr_VP026_gonogo2_task_006_01"", ""atten_dsr_VP026_gonogo2_rest_006_01"", ""atten_dsr_VP026_gonogo3_rest_001_01"", ""atten_dsr_VP026_gonogo3_task_002_00"", ""atten_dsr_VP026_gonogo3_task_002_01"", ""atten_dsr_VP026_gonogo3_rest_002_01"", ""atten_dsr_VP026_gonogo3_task_003_01"", ""atten_dsr_VP026_gonogo3_rest_003_01"", ""atten_dsr_VP026_gonogo3_task_004_01"", ""atten_dsr_VP026_gonogo3_rest_004_00"", ""atten_dsr_VP026_gonogo3_rest_004_01"", ""atten_dsr_VP026_gonogo3_task_005_00"", ""atten_dsr_VP026_gonogo3_task_005_01"", ""atten_dsr_VP026_gonogo3_rest_005_01"", ""atten_dsr_VP026_gonogo3_task_006_00"", ""atten_dsr_VP026_gonogo3_task_006_01"", ""atten_dsr_VP026_gonogo3_rest_006_00"", ""atten_dsr_VP026_gonogo3_rest_006_01""]",True,,0.6938396833250866,63,93,0.74,0.7348021215830274,0.7604166666666667,0.74,0.48
