subject,seed,method,requested_fraction,actual_fraction,calibration_count,test_count,calibration_count_per_class,test_count_per_class,calibration_trial_ids,test_trial_ids,valid,invalid_reason,source_best_val_f1,source_best_epoch,source_epochs_run,accuracy,f1_macro,precision_macro,recall_macro,kappa
VP001,2023,pooled_refit,0.30,0.3055555555555556,22,50,"{""0"": 11, ""1"": 11}","{""0"": 25, ""1"": 25}","[""atten_dsr_VP001_gonogo1_task_002_00"", ""atten_dsr_VP001_gonogo1_task_003_00"", ""atten_dsr_VP001_gonogo1_task_004_00"", ""atten_dsr_VP001_gonogo1_task_004_01"", ""atten_dsr_VP001_gonogo1_rest_004_00"", ""atten_dsr_VP001_gonogo1_task_005_00"", ""atten_dsr_VP001_gonogo1_rest_006_01"", ""atten_dsr_VP001_gonogo2_task_001_00"", ""atten_dsr_VP001_gonogo2_rest_001_01"", ""atten_dsr_VP001_gonogo2_rest_002_00"", ""atten_dsr_VP001_gonogo2_rest_003_01"", ""atten_dsr_VP001_gonogo2_task_004_01"", ""atten_dsr_VP001_gonogo2_rest_004_00"", ""atten_dsr_VP001_gonogo2_rest_006_00"", ""atten_dsr_VP001_gonogo3_task_001_00"", ""atten_dsr_VP001_gonogo3_task_001_01"", ""atten_dsr_VP001_gonogo3_rest_001_00"", ""atten_dsr_VP001_gonogo3_rest_002_00"", ""atten_dsr_VP001_gonogo3_task_003_00"", ""atten_dsr_VP001_gonogo3_rest_003_00"", ""atten_dsr_VP001_gonogo3_task_004_00"", ""atten_dsr_VP001_gonogo3_rest_005_00""]","[""atten_dsr_VP001_gonogo1_task_001_00"", ""atten_dsr_VP001_gonogo1_task_001_01"", ""atten_dsr_VP001_gonogo1_rest_001_00"", ""atten_dsr_VP001_gonogo1_rest_001_01"", ""atten_dsr_VP001_gonogo1_task_002_01"", ""atten_dsr_VP001_gonogo1_rest_002_00"", ""atten_dsr_VP001_gonogo1_rest_002_01"", ""atten_dsr_VP001_gonogo1_task_003_01"", ""atten_dsr_VP001_gonogo1_rest_003_00"", ""atten_dsr_VP001_gonogo1_rest_003_01"", ""atten_dsr_VP001_gonogo1_rest_004_01"", ""atten_dsr_VP001_gonogo1_task_005_01"", ""atten_dsr_VP001_gonogo1_rest_005_00"", ""atten_dsr_VP001_gonogo1_rest_005_01"", ""atten_dsr_VP001_gonogo1_task_006_00"", ""atten_dsr_VP001_gonogo1_task_006_01"", ""atten_dsr_VP001_gonogo1_rest_006_00"", ""atten_dsr_VP001_gonogo2_task_001_01"", ""atten_dsr_VP001_gonogo2_rest_001_00"", ""atten_dsr_VP001_gonogo2_task_002_00"", ""atten_dsr_VP001_gonogo2_task_002_01"", ""atten_dsr_VP001_gonogo2_rest_002_01"", ""atten_dsr_VP001_gonogo2_task_003_00"", ""atten_dsr_VP001_gonogo2_task_003_01"", ""atten_dsr_VP001_gonogo2_rest_003_00"", ""atten_dsr_VP001_gonogo2_task_004_00"", ""atten_dsr_VP001_gonogo2_rest_004_01"", ""atten_dsr_VP001_gonogo2_task_005_00"", ""atten_dsr_VP001_gonogo2_task_005_01"", ""atten_dsr_VP001_gonogo2_rest_005_00"", ""atten_dsr_VP001_gonogo2_rest_005_01"", ""atten_dsr_VP001_gonogo2_task_006_00"", ""atten_dsr_VP001_gonogo2_task_006_01"", ""atten_dsr_VP001_gonogo2_rest_006_01"", ""atten_dsr_VP001_gonogo3_rest_001_01"", ""atten_dsr_VP001_gonogo3_task_002_00"", ""atten_dsr_VP001_gonogo3_task_002_01"", ""atten_dsr_VP001_gonogo3_rest_002_01"", ""atten_dsr_VP001_gonogo3_task_003_01"", ""atten_dsr_VP001_gonogo3_rest_003_01"", ""atten_dsr_VP001_gonogo3_task_004_01"", ""atten_dsr_VP001_gonogo3_rest_004_00"", ""atten_dsr_VP001_gonogo3_rest_004_01"", ""atten_dsr_VP001_gonogo3_task_005_00"", ""atten_dsr_VP001_gonogo3_task_005_01"", ""atten_dsr_VP001_gonogo3_rest_005_01"", ""atten_dsr_VP001_gonogo3_task_006_00"", ""atten_dsr_VP001_gonogo3_task_006_01"", ""atten_dsr_VP001_gonogo3_rest_006_00"", ""atten_dsr_VP001_gonogo3_rest_006_01""]",True,,0.8861102323320396,52,82,0.62,0.6072757337742869,0.6378676470588236,0.62,0.24
VP002,2023,pooled_refit,0.30,0.3055555555555556,22,50,"{""0"": 11, ""1"": 11}","{""0"": 25, ""1"": 25}","[""atten_dsr_VP002_gonogo1_task_002_00"", ""atten_dsr_VP002_gonogo1_task_003_00"", ""atten_dsr_VP002_gonogo1_task_004_00"", ""atten_dsr_VP002_gonogo1_task_004_01"", ""atten_dsr_VP002_gonogo1_rest_004_00"", ""atten_dsr_VP002_gonogo1_task_005_00"", ""atten_dsr_VP002_gonogo1_rest_006_01"", ""atten_dsr_VP002_gonogo2_task_001_00"", ""atten_dsr_VP002_gonogo2_rest_001_01"", ""atten_dsr_VP002_gonogo2_rest_002_00"", ""atten_dsr_VP002_gonogo2_rest_003_01"", ""atten_dsr_VP002_gonogo2_task_004_01"", ""atten_dsr_VP002_gonogo2_rest_004_00"", ""atten_dsr_VP002_gonogo2_rest_006_00"", ""atten_dsr_VP002_gonogo3_task_001_00"", ""atten_dsr_VP002_gonogo3_task_001_01"", ""atten_dsr_VP002_gonogo3_rest_001_00"", ""atten_dsr_VP002_gonogo3_rest_002_00"", ""atten_dsr_VP002_gonogo3_task_003_00"", ""atten_dsr_VP002_gonogo3_rest_003_00"", ""atten_dsr_VP002_gonogo3_task_004_00"", ""atten_dsr_VP002_gonogo3_rest_005_00""]","[""atten_dsr_VP002_gonogo1_task_001_00"", ""atten_dsr_VP002_gonogo1_task_001_01"", ""atten_dsr_VP002_gonogo1_rest_001_00"", ""atten_dsr_VP002_gonogo1_rest_001_01"", ""atten_dsr_VP002_gonogo1_task_002_01"", ""atten_dsr_VP002_gonogo1_rest_002_00"", ""atten_dsr_VP002_gonogo1_rest_002_01"", ""atten_dsr_VP002_gonogo1_task_003_01"", ""atten_dsr_VP002_gonogo1_rest_003_00"", ""atten_dsr_VP002_gonogo1_rest_003_01"", ""atten_dsr_VP002_gonogo1_rest_004_01"", ""atten_dsr_VP002_gonogo1_task_005_01"", ""atten_dsr_VP002_gonogo1_rest_005_00"", ""atten_dsr_VP002_gonogo1_rest_005_01"", ""atten_dsr_VP002_gonogo1_task_006_00"", ""atten_dsr_VP002_gonogo1_task_006_01"", ""atten_dsr_VP002_gonogo1_rest_006_00"", ""atten_dsr_VP002_gonogo2_task_001_01"", ""atten_dsr_VP002_gonogo2_rest_001_00"", ""atten_dsr_VP002_gonogo2_task_002_00"", ""atten_dsr_VP002_gonogo2_task_002_01"", ""atten_dsr_VP002_gonogo2_rest_002_01"", ""atten_dsr_VP002_gonogo2_task_003_00"", ""atten_dsr_VP002_gonogo2_task_003_01"", ""atten_dsr_VP002_gonogo2_rest_003_00"", ""atten_dsr_VP002_gonogo2_task_004_00"", ""atten_dsr_VP002_gonogo2_rest_004_01"", ""atten_dsr_VP002_gonogo2_task_005_00"", ""atten_dsr_VP002_gonogo2_task_005_01"", ""atten_dsr_VP002_gonogo2_rest_005_00"", ""atten_dsr_VP002_gonogo2_rest_005_01"", ""atten_dsr_VP002_gonogo2_task_006_00"", ""atten_dsr_VP002_gonogo2_task_006_01"", ""atten_dsr_VP002_gonogo2_rest_006_01"", ""atten_dsr_VP002_gonogo3_rest_001_01"", ""atten_dsr_VP002_gonogo3_task_002_00"", ""atten_dsr_VP002_gonogo3_task_002_01"", ""atten_dsr_VP002_gonogo3_rest_002_01"", ""atten_dsr_VP002_gonogo3_task_003_01"", ""atten_dsr_VP002_gonogo3_rest_003_01"", ""atten_dsr_VP002_gonogo3_task_004_01"", ""atten_dsr_VP002_gonogo3_rest_004_00"", ""atten_dsr_VP002_gonogo3_rest_004_01"", ""atten_dsr_VP002_gonogo3_task_005_00"", ""atten_dsr_VP002_gonogo3_task_005_01"", ""atten_dsr_VP002_gonogo3_rest_005_01"", ""atten_dsr_VP002_gonogo3_task_006_00"", ""atten_dsr_VP002_gonogo3_task_006_01"", ""atten_dsr_VP002_gonogo3_rest_006_00"", ""atten_dsr_VP002_gonogo3_rest_006_01""]",True,,0.8859624046789409,31,61,0.72,0.719551282051282,0.7214170692431562,0.72,0.43999999999999995
VP003,2023,pooled_refit,0.30,0.3055555555555556,22,50,"{""0"": 11, ""1"": 11}","{""0"": 25, ""1"": 25}","[""atten_dsr_VP003_gonogo1_task_002_00"", ""atten_dsr_VP003_gonogo1_task_003_00"", ""atten_dsr_VP003_gonogo1_task_004_00"", ""atten_dsr_VP003_gonogo1_task_004_01"", ""atten_dsr_VP003_gonogo1_rest_004_00"", ""atten_dsr_VP003_gonogo1_task_005_00"", ""atten_dsr_VP003_gonogo1_rest_006_01"", ""atten_dsr_VP003_gonogo2_task_001_00"", ""atten_dsr_VP003_gonogo2_rest_001_01"", ""atten_dsr_VP003_gonogo2_rest_002_00"", ""atten_dsr_VP003_gonogo2_rest_003_01"", ""atten_dsr_VP003_gonogo2_task_004_01"", ""atten_dsr_VP003_gonogo2_rest_004_00"", ""atten_dsr_VP003_gonogo2_rest_006_00"", ""atten_dsr_VP003_gonogo3_task_001_00"", ""atten_dsr_VP003_gonogo3_task_001_01"", ""atten_dsr_VP003_gonogo3_rest_001_00"", ""atten_dsr_VP003_gonogo3_rest_002_00"", ""atten_dsr_VP003_gonogo3_task_003_00"", ""atten_dsr_VP003_gonogo3_rest_003_00"", ""atten_dsr_VP003_gonogo3_task_004_00"", ""atten_dsr_VP003_gonogo3_rest_005_00""]","[""atten_dsr_VP003_gonogo1_task_001_00"", ""atten_dsr_VP003_gonogo1_task_001_01"", ""atten_dsr_VP003_gonogo1_rest_001_00"", ""atten_dsr_VP003_gonogo1_rest_001_01"", ""atten_dsr_VP003_gonogo1_task_002_01"", ""atten_dsr_VP003_gonogo1_rest_002_00"", ""atten_dsr_VP003_gonogo1_rest_002_01"", ""atten_dsr_VP003_gonogo1_task_003_01"", ""atten_dsr_VP003_gonogo1_rest_003_00"", ""atten_dsr_VP003_gonogo1_rest_003_01"", ""atten_dsr_VP003_gonogo1_rest_004_01"", ""atten_dsr_VP003_gonogo1_task_005_01"", ""atten_dsr_VP003_gonogo1_rest_005_00"", ""atten_dsr_VP003_gonogo1_rest_005_01"", ""atten_dsr_VP003_gonogo1_task_006_00"", ""atten_dsr_VP003_gonogo1_task_006_01"", ""atten_dsr_VP003_gonogo1_rest_006_00"", ""atten_dsr_VP003_gonogo2_task_001_01"", ""atten_dsr_VP003_gonogo2_rest_001_00"", ""atten_dsr_VP003_gonogo2_task_002_00"", ""atten_dsr_VP003_gonogo2_task_002_01"", ""atten_dsr_VP003_gonogo2_rest_002_01"", ""atten_dsr_VP003_gonogo2_task_003_00"", ""atten_dsr_VP003_gonogo2_task_003_01"", ""atten_dsr_VP003_gonogo2_rest_003_00"", ""atten_dsr_VP003_gonogo2_task_004_00"", ""atten_dsr_VP003_gonogo2_rest_004_01"", ""atten_dsr_VP003_gonogo2_task_005_00"", ""atten_dsr_VP003_gonogo2_task_005_01"", ""atten_dsr_VP003_gonogo2_rest_005_00"", ""atten_dsr_VP003_gonogo2_rest_005_01"", ""atten_dsr_VP003_gonogo2_task_006_00"", ""atten_dsr_VP003_gonogo2_task_006_01"", ""atten_dsr_VP003_gonogo2_rest_006_01"", ""atten_dsr_VP003_gonogo3_rest_001_01"", ""atten_dsr_VP003_gonogo3_task_002_00"", ""atten_dsr_VP003_gonogo3_task_002_01"", ""atten_dsr_VP003_gonogo3_rest_002_01"", ""atten_dsr_VP003_gonogo3_task_003_01"", ""atten_dsr_VP003_gonogo3_rest_003_01"", ""atten_dsr_VP003_gonogo3_task_004_01"", ""atten_dsr_VP003_gonogo3_rest_004_00"", ""atten_dsr_VP003_gonogo3_rest_004_01"", ""atten_dsr_VP003_gonogo3_task_005_00"", ""atten_dsr_VP003_gonogo3_task_005_01"", ""atten_dsr_VP003_gonogo3_rest_005_01"", ""atten_dsr_VP003_gonogo3_task_006_00"", ""atten_dsr_VP003_gonogo3_task_006_01"", ""atten_dsr_VP003_gonogo3_rest_006_00"", ""atten_dsr_VP003_gonogo3_rest_006_01""]",True,,0.8666625513133122,12,42,0.7,0.6989160979526294,0.702922077922078,0.7,0.4
VP004,2023,pooled_refit,0.30,0.3055555555555556,22,50,"{""0"": 11, ""1"": 11}","{""0"": 25, ""1"": 25}","[""atten_dsr_VP004_gonogo1_task_002_00"", ""atten_dsr_VP004_gonogo1_task_003_00"", ""atten_dsr_VP004_gonogo1_task_004_00"", ""atten_dsr_VP004_gonogo1_task_004_01"", ""atten_dsr_VP004_gonogo1_rest_004_00"", ""atten_dsr_VP004_gonogo1_task_005_00"", ""atten_dsr_VP004_gonogo1_rest_006_01"", ""atten_dsr_VP004_gonogo2_task_001_00"", ""atten_dsr_VP004_gonogo2_rest_001_01"", ""atten_dsr_VP004_gonogo2_rest_002_00"", ""atten_dsr_VP004_gonogo2_rest_003_01"", ""atten_dsr_VP004_gonogo2_task_004_01"", ""atten_dsr_VP004_gonogo2_rest_004_00"", ""atten_dsr_VP004_gonogo2_rest_006_00"", ""atten_dsr_VP004_gonogo3_task_001_00"", ""atten_dsr_VP004_gonogo3_task_001_01"", ""atten_dsr_VP004_gonogo3_rest_001_00"", ""atten_dsr_VP004_gonogo3_rest_002_00"", ""atten_dsr_VP004_gonogo3_task_003_00"", ""atten_dsr_VP004_gonogo3_rest_003_00"", ""atten_dsr_VP004_gonogo3_task_004_00"", ""atten_dsr_VP004_gonogo3_rest_005_00""]","[""atten_dsr_VP004_gonogo1_task_001_00"", ""atten_dsr_VP004_gonogo1_task_001_01"", ""atten_dsr_VP004_gonogo1_rest_001_00"", ""atten_dsr_VP004_gonogo1_rest_001_01"", ""atten_dsr_VP004_gonogo1_task_002_01"", ""atten_dsr_VP004_gonogo1_rest_002_00"", ""atten_dsr_VP004_gonogo1_rest_002_01"", ""atten_dsr_VP004_gonogo1_task_003_01"", ""atten_dsr_VP004_gonogo1_rest_003_00"", ""atten_dsr_VP004_gonogo1_rest_003_01"", ""atten_dsr_VP004_gonogo1_rest_004_01"", ""atten_dsr_VP004_gonogo1_task_005_01"", ""atten_dsr_VP004_gonogo1_rest_005_00"", ""atten_dsr_VP004_gonogo1_rest_005_01"", ""atten_dsr_VP004_gonogo1_task_006_00"", ""atten_dsr_VP004_gonogo1_task_006_01"", ""atten_dsr_VP004_gonogo1_rest_006_00"", ""atten_dsr_VP004_gonogo2_task_001_01"", ""atten_dsr_VP004_gonogo2_rest_001_00"", ""atten_dsr_VP004_gonogo2_task_002_00"", ""atten_dsr_VP004_gonogo2_task_002_01"", ""atten_dsr_VP004_gonogo2_rest_002_01"", ""atten_dsr_VP004_gonogo2_task_003_00"", ""atten_dsr_VP004_gonogo2_task_003_01"", ""atten_dsr_VP004_gonogo2_rest_003_00"", ""atten_dsr_VP004_gonogo2_task_004_00"", ""atten_dsr_VP004_gonogo2_rest_004_01"", ""atten_dsr_VP004_gonogo2_task_005_00"", ""atten_dsr_VP004_gonogo2_task_005_01"", ""atten_dsr_VP004_gonogo2_rest_005_00"", ""atten_dsr_VP004_gonogo2_rest_005_01"", ""atten_dsr_VP004_gonogo2_task_006_00"", ""atten_dsr_VP004_gonogo2_task_006_01"", ""atten_dsr_VP004_gonogo2_rest_006_01"", ""atten_dsr_VP004_gonogo3_rest_001_01"", ""atten_dsr_VP004_gonogo3_task_002_00"", ""atten_dsr_VP004_gonogo3_task_002_01"", ""atten_dsr_VP004_gonogo3_rest_002_01"", ""atten_dsr_VP004_gonogo3_task_003_01"", ""atten_dsr_VP004_gonogo3_rest_003_01"", ""atten_dsr_VP004_gonogo3_task_004_01"", ""atten_dsr_VP004_gonogo3_rest_004_00"", ""atten_dsr_VP004_gonogo3_rest_004_01"", ""atten_dsr_VP004_gonogo3_task_005_00"", ""atten_dsr_VP004_gonogo3_task_005_01"", ""atten_dsr_VP004_gonogo3_rest_005_01"", ""atten_dsr_VP004_gonogo3_task_006_00"", ""atten_dsr_VP004_gonogo3_task_006_01"", ""atten_dsr_VP004_gonogo3_rest_006_00"", ""atten_dsr_VP004_gonogo3_rest_006_01""]",True,,0.861042490118577,29,59,0.72,0.7181964573268921,0.7257799671592775,0.72,0.43999999999999995
VP005,2023,pooled_refit,0.30,0.3055555555555556,22,50,"{""0"": 11, ""1"": 11}","{""0"": 25, ""1"": 25}","[""atten_dsr_VP005_gonogo1_task_002_00"", ""atten_dsr_VP005_gonogo1_task_003_00"", ""atten_dsr_VP005_gonogo1_task_004_00"", ""atten_dsr_VP005_gonogo1_task_004_01"", ""atten_dsr_VP005_gonogo1_rest_004_00"", ""atten_dsr_VP005_gonogo1_task_005_00"", ""atten_dsr_VP005_gonogo1_rest_006_01"", ""atten_dsr_VP005_gonogo2_task_001_00"", ""atten_dsr_VP005_gonogo2_rest_001_01"", ""atten_dsr_VP005_gonogo2_rest_002_00"", ""atten_dsr_VP005_gonogo2_rest_003_01"", ""atten_dsr_VP005_gonogo2_task_004_01"", ""atten_dsr_VP005_gonogo2_rest_004_00"", ""atten_dsr_VP005_gonogo2_rest_006_00"", ""atten_dsr_VP005_gonogo3_task_001_00"", ""atten_dsr_VP005_gonogo3_task_001_01"", ""atten_dsr_VP005_gonogo3_rest_001_00"", ""atten_dsr_VP005_gonogo3_rest_002_00"", ""atten_dsr_VP005_gonogo3_task_003_00"", ""atten_dsr_VP005_gonogo3_rest_003_00"", ""atten_dsr_VP005_gonogo3_task_004_00"", ""atten_dsr_VP005_gonogo3_rest_005_00""]","[""atten_dsr_VP005_gonogo1_task_001_00"", ""atten_dsr_VP005_gonogo1_task_001_01"", ""atten_dsr_VP005_gonogo1_rest_001_00"", ""atten_dsr_VP005_gonogo1_rest_001_01"", ""atten_dsr_VP005_gonogo1_task_002_01"", ""atten_dsr_VP005_gonogo1_rest_002_00"", ""atten_dsr_VP005_gonogo1_rest_002_01"", ""atten_dsr_VP005_gonogo1_task_003_01"", ""atten_dsr_VP005_gonogo1_rest_003_00"", ""atten_dsr_VP005_gonogo1_rest_003_01"", ""atten_dsr_VP005_gonogo1_rest_004_01"", ""atten_dsr_VP005_gonogo1_task_005_01"", ""atten_dsr_VP005_gonogo1_rest_005_00"", ""atten_dsr_VP005_gonogo1_rest_005_01"", ""atten_dsr_VP005_gonogo1_task_006_00"", ""atten_dsr_VP005_gonogo1_task_006_01"", ""atten_dsr_VP005_gonogo1_rest_006_00"", ""atten_dsr_VP005_gonogo2_task_001_01"", ""atten_dsr_VP005_gonogo2_rest_001_00"", ""atten_dsr_VP005_gonogo2_task_002_00"", ""atten_dsr_VP005_gonogo2_task_002_01"", ""atten_dsr_VP005_gonogo2_rest_002_01"", ""atten_dsr_VP005_gonogo2_task_003_00"", ""atten_dsr_VP005_gonogo2_task_003_01"", ""atten_dsr_VP005_gonogo2_rest_003_00"", ""atten_dsr_VP005_gonogo2_task_004_00"", ""atten_dsr_VP005_gonogo2_rest_004_01"", ""atten_dsr_VP005_gonogo2_task_005_00"", ""atten_dsr_VP005_gonogo2_task_005_01"", ""atten_dsr_VP005_gonogo2_rest_005_00"", ""atten_dsr_VP005_gonogo2_rest_005_01"", ""atten_dsr_VP005_gonogo2_task_006_00"", ""atten_dsr_VP005_gonogo2_task_006_01"", ""atten_dsr_VP005_gonogo2_rest_006_01"", ""atten_dsr_VP005_gonogo3_rest_001_01"", ""atten_dsr_VP005_gonogo3_task_002_00"", ""atten_dsr_VP005_gonogo3_task_002_01"", ""atten_dsr_VP005_gonogo3_rest_002_01"", ""atten_dsr_VP005_gonogo3_task_003_01"", ""atten_dsr_VP005_gonogo3_rest_003_01"", ""atten_dsr_VP005_gonogo3_task_004_01"", ""atten_dsr_VP005_gonogo3_rest_004_00"", ""atten_dsr_VP005_gonogo3_rest_004_01"", ""atten_dsr_VP005_gonogo3_task_005_00"", ""atten_dsr_VP005_gonogo3_task_005_01"", ""atten_dsr_VP005_gonogo3_rest_005_01"", ""atten_dsr_VP005_gonogo3_task_006_00"", ""atten_dsr_VP005_gonogo3_task_006_01"", ""atten_dsr_VP005_gonogo3_rest_006_00"", ""atten_dsr_VP005_gonogo3_rest_006_01""]",True,,0.8638037662427906,31,61,0.82,0.8193496587715776,0.8246753246753247,0.8200000000000001,0.64
VP006,2023,pooled_refit,0.30,0.3055555555555556,22,50,"{""0"": 11, ""1"": 11}","{""0"": 25, ""1"": 25}","[""atten_dsr_VP006_gonogo1_task_002_00"", ""atten_dsr_VP006_gonogo1_task_003_00"", ""atten_dsr_VP006_gonogo1_task_004_00"", ""atten_dsr_VP006_gonogo1_task_004_01"", ""atten_dsr_VP006_gonogo1_rest_004_00"", ""atten_dsr_VP006_gonogo1_task_005_00"", ""atten_dsr_VP006_gonogo1_rest_006_01"", ""atten_dsr_VP006_gonogo2_task_001_00"", ""atten_dsr_VP006_gonogo2_rest_001_01"", ""atten_dsr_VP006_gonogo2_rest_002_00"", ""atten_dsr_VP006_gonogo2_rest_003_01"", ""atten_dsr_VP006_gonogo2_task_004_01"", ""atten_dsr_VP006_gonogo2_rest_004_00"", ""atten_dsr_VP006_gonogo2_rest_006_00"", ""atten_dsr_VP006_gonogo3_task_001_00"", ""atten_dsr_VP006_gonogo3_task_001_01"", ""atten_dsr_VP006_gonogo3_rest_001_00"", ""atten_dsr_VP006_gonogo3_rest_002_00"", ""atten_dsr_VP006_gonogo3_task_003_00"", ""atten_dsr_VP006_gonogo3_rest_003_00"", ""atten_dsr_VP006_gonogo3_task_004_00"", ""atten_dsr_VP006_gonogo3_rest_005_00""]","[""atten_dsr_VP006_gonogo1_task_001_00"", ""atten_dsr_VP006_gonogo1_task_001_01"", ""atten_dsr_VP006_gonogo1_rest_001_00"", ""atten_dsr_VP006_gonogo1_rest_001_01"", ""atten_dsr_VP006_gonogo1_task_002_01"", ""atten_dsr_VP006_gonogo1_rest_002_00"", ""atten_dsr_VP006_gonogo1_rest_002_01"", ""atten_dsr_VP006_gonogo1_task_003_01"", ""atten_dsr_VP006_gonogo1_rest_003_00"", ""atten_dsr_VP006_gonogo1_rest_003_01"", ""atten_dsr_VP006_gonogo1_rest_004_01"", ""atten_dsr_VP006_gonogo1_task_005_01"", ""atten_dsr_VP006_gonogo1_rest_005_00"", ""atten_dsr_VP006_gonogo1_rest_005_01"", ""atten_dsr_VP006_gonogo1_task_006_00"", ""atten_dsr_VP006_gonogo1_task_006_01"", ""atten_dsr_VP006_gonogo1_rest_006_00"", ""atten_dsr_VP006_gonogo2_task_001_01"", ""atten_dsr_VP006_gonogo2_rest_001_00"", ""atten_dsr_VP006_gonogo2_task_002_00"", ""atten_dsr_VP006_gonogo2_task_002_01"", ""atten_dsr_VP006_gonogo2_rest_002_01"", ""atten_dsr_VP006_gonogo2_task_003_00"", ""atten_dsr_VP006_gonogo2_task_003_01"", ""atten_dsr_VP006_gonogo2_rest_003_00"", ""atten_dsr_VP006_gonogo2_task_004_00"", ""atten_dsr_VP006_gonogo2_rest_004_01"", ""atten_dsr_VP006_gonogo2_task_005_00"", ""atten_dsr_VP006_gonogo2_task_005_01"", ""atten_dsr_VP006_gonogo2_rest_005_00"", ""atten_dsr_VP006_gonogo2_rest_005_01"", ""atten_dsr_VP006_gonogo2_task_006_00"", ""atten_dsr_VP006_gonogo2_task_006_01"", ""atten_dsr_VP006_gonogo2_rest_006_01"", ""atten_dsr_VP006_gonogo3_rest_001_01"", ""atten_dsr_VP006_gonogo3_task_002_00"", ""atten_dsr_VP006_gonogo3_task_002_01"", ""atten_dsr_VP006_gonogo3_rest_002_01"", ""atten_dsr_VP006_gonogo3_task_003_01"", ""atten_dsr_VP006_gonogo3_rest_003_01"", ""atten_dsr_VP006_gonogo3_task_004_01"", ""atten_dsr_VP006_gonogo3_rest_004_00"", ""atten_dsr_VP006_gonogo3_rest_004_01"", ""atten_dsr_VP006_gonogo3_task_005_00"", ""atten_dsr_VP006_gonogo3_task_005_01"", ""atten_dsr_VP006_gonogo3_rest_005_01"", ""atten_dsr_VP006_gonogo3_task_006_00"", ""atten_dsr_VP006_gonogo3_task_006_01"", ""atten_dsr_VP006_gonogo3_rest_006_00"", ""atten_dsr_VP006_gonogo3_rest_006_01""]",True,,0.8638878386407303,30,60,0.78,0.7726333195535345,0.8216911764705883,0.78,0.56
VP007,2023,pooled_refit,0.30,0.3055555555555556,22,50,"{""0"": 11, ""1"": 11}","{""0"": 25, ""1"": 25}","[""atten_dsr_VP007_gonogo1_task_002_00"", ""atten_dsr_VP007_gonogo1_task_003_00"", ""atten_dsr_VP007_gonogo1_task_004_00"", ""atten_dsr_VP007_gonogo1_task_004_01"", ""atten_dsr_VP007_gonogo1_rest_004_00"", ""atten_dsr_VP007_gonogo1_task_005_00"", ""atten_dsr_VP007_gonogo1_rest_006_01"", ""atten_dsr_VP007_gonogo2_task_001_00"", ""atten_dsr_VP007_gonogo2_rest_001_01"", ""atten_dsr_VP007_gonogo2_rest_002_00"", ""atten_dsr_VP007_gonogo2_rest_003_01"", ""atten_dsr_VP007_gonogo2_task_004_01"", ""atten_dsr_VP007_gonogo2_rest_004_00"", ""atten_dsr_VP007_gonogo2_rest_006_00"", ""atten_dsr_VP007_gonogo3_task_001_00"", ""atten_dsr_VP007_gonogo3_task_001_01"", ""atten_dsr_VP007_gonogo3_rest_001_00"", ""atten_dsr_VP007_gonogo3_rest_002_00"", ""atten_dsr_VP007_gonogo3_task_003_00"", ""atten_dsr_VP007_gonogo3_rest_003_00"", ""atten_dsr_VP007_gonogo3_task_004_00"", ""atten_dsr_VP007_gonogo3_rest_005_00""]","[""atten_dsr_VP007_gonogo1_task_001_00"", ""atten_dsr_VP007_gonogo1_task_001_01"", ""atten_dsr_VP007_gonogo1_rest_001_00"", ""atten_dsr_VP007_gonogo1_rest_001_01"", ""atten_dsr_VP007_gonogo1_task_002_01"", ""atten_dsr_VP007_gonogo1_rest_002_00"", ""atten_dsr_VP007_gonogo1_rest_002_01"", ""atten_dsr_VP007_gonogo1_task_003_01"", ""atten_dsr_VP007_gonogo1_rest_003_00"", ""atten_dsr_VP007_gonogo1_rest_003_01"", ""atten_dsr_VP007_gonogo1_rest_004_01"", ""atten_dsr_VP007_gonogo1_task_005_01"", ""atten_dsr_VP007_gonogo1_rest_005_00"", ""atten_dsr_VP007_gonogo1_rest_005_01"", ""atten_dsr_VP007_gonogo1_task_006_00"", ""atten_dsr_VP007_gonogo1_task_006_01"", ""atten_dsr_VP007_gonogo1_rest_006_00"", ""atten_dsr_VP007_gonogo2_task_001_01"", ""atten_dsr_VP007_gonogo2_rest_001_00"", ""atten_dsr_VP007_gonogo2_task_002_00"", ""atten_dsr_VP007_gonogo2_task_002_01"", ""atten_dsr_VP007_gonogo2_rest_002_01"", ""atten_dsr_VP007_gonogo2_task_003_00"", ""atten_dsr_VP007_gonogo2_task_003_01"", ""atten_dsr_VP007_gonogo2_rest_003_00"", ""atten_dsr_VP007_gonogo2_task_004_00"", ""atten_dsr_VP007_gonogo2_rest_004_01"", ""atten_dsr_VP007_gonogo2_task_005_00"", ""atten_dsr_VP007_gonogo2_task_005_01"", ""atten_dsr_VP007_gonogo2_rest_005_00"", ""atten_dsr_VP007_gonogo2_rest_005_01"", ""atten_dsr_VP007_gonogo2_task_006_00"", ""atten_dsr_VP007_gonogo2_task_006_01"", ""atten_dsr_VP007_gonogo2_rest_006_01"", ""atten_dsr_VP007_gonogo3_rest_001_01"", ""atten_dsr_VP007_gonogo3_task_002_00"", ""atten_dsr_VP007_gonogo3_task_002_01"", ""atten_dsr_VP007_gonogo3_rest_002_01"", ""atten_dsr_VP007_gonogo3_task_003_01"", ""atten_dsr_VP007_gonogo3_rest_003_01"", ""atten_dsr_VP007_gonogo3_task_004_01"", ""atten_dsr_VP007_gonogo3_rest_004_00"", ""atten_dsr_VP007_gonogo3_rest_004_01"", ""atten_dsr_VP007_gonogo3_task_005_00"", ""atten_dsr_VP007_gonogo3_task_005_01"", ""atten_dsr_VP007_gonogo3_rest_005_01"", ""atten_dsr_VP007_gonogo3_task_006_00"", ""atten_dsr_VP007_gonogo3_task_006_01"", ""atten_dsr_VP007_gonogo3_rest_006_00"", ""atten_dsr_VP007_gonogo3_rest_006_01""]",True,,0.8444012225618227,74,100,0.7,0.6847414880201765,0.748015873015873,0.7,0.4
VP008,2023,pooled_refit,0.30,0.3055555555555556,22,50,"{""0"": 11, ""1"": 11}","{""0"": 25, ""1"": 25}","[""atten_dsr_VP008_gonogo1_task_002_00"", ""atten_dsr_VP008_gonogo1_task_003_00"", ""atten_dsr_VP008_gonogo1_task_004_00"", ""atten_dsr_VP008_gonogo1_task_004_01"", ""atten_dsr_VP008_gonogo1_rest_004_00"", ""atten_dsr_VP008_gonogo1_task_005_00"", ""atten_dsr_VP008_gonogo1_rest_006_01"", ""atten_dsr_VP008_gonogo2_task_001_00"", ""atten_dsr_VP008_gonogo2_rest_001_01"", ""atten_dsr_VP008_gonogo2_rest_002_00"", ""atten_dsr_VP008_gonogo2_rest_003_01"", ""atten_dsr_VP008_gonogo2_task_004_01"", ""atten_dsr_VP008_gonogo2_rest_004_00"", ""atten_dsr_VP008_gonogo2_rest_006_00"", ""atten_dsr_VP008_gonogo3_task_001_00"", ""atten_dsr_VP008_gonogo3_task_001_01"", ""atten_dsr_VP008_gonogo3_rest_001_00"", ""atten_dsr_VP008_gonogo3_rest_002_00"", ""atten_dsr_VP008_gonogo3_task_003_00"", ""atten_dsr_VP008_gonogo3_rest_003_00"", ""atten_dsr_VP008_gonogo3_task_004_00"", ""atten_dsr_VP008_gonogo3_rest_005_00""]","[""atten_dsr_VP008_gonogo1_task_001_00"", ""atten_dsr_VP008_gonogo1_task_001_01"", ""atten_dsr_VP008_gonogo1_rest_001_00"", ""atten_dsr_VP008_gonogo1_rest_001_01"", ""atten_dsr_VP008_gonogo1_task_002_01"", ""atten_dsr_VP008_gonogo1_rest_002_00"", ""atten_dsr_VP008_gonogo1_rest_002_01"", ""atten_dsr_VP008_gonogo1_task_003_01"", ""atten_dsr_VP008_gonogo1_rest_003_00"", ""atten_dsr_VP008_gonogo1_rest_003_01"", ""atten_dsr_VP008_gonogo1_rest_004_01"", ""atten_dsr_VP008_gonogo1_task_005_01"", ""atten_dsr_VP008_gonogo1_rest_005_00"", ""atten_dsr_VP008_gonogo1_rest_005_01"", ""atten_dsr_VP008_gonogo1_task_006_00"", ""atten_dsr_VP008_gonogo1_task_006_01"", ""atten_dsr_VP008_gonogo1_rest_006_00"", ""atten_dsr_VP008_gonogo2_task_001_01"", ""atten_dsr_VP008_gonogo2_rest_001_00"", ""atten_dsr_VP008_gonogo2_task_002_00"", ""atten_dsr_VP008_gonogo2_task_002_01"", ""atten_dsr_VP008_gonogo2_rest_002_01"", ""atten_dsr_VP008_gonogo2_task_003_00"", ""atten_dsr_VP008_gonogo2_task_003_01"", ""atten_dsr_VP008_gonogo2_rest_003_00"", ""atten_dsr_VP008_gonogo2_task_004_00"", ""atten_dsr_VP008_gonogo2_rest_004_01"", ""atten_dsr_VP008_gonogo2_task_005_00"", ""atten_dsr_VP008_gonogo2_task_005_01"", ""atten_dsr_VP008_gonogo2_rest_005_00"", ""atten_dsr_VP008_gonogo2_rest_005_01"", ""atten_dsr_VP008_gonogo2_task_006_00"", ""atten_dsr_VP008_gonogo2_task_006_01"", ""atten_dsr_VP008_gonogo2_rest_006_01"", ""atten_dsr_VP008_gonogo3_rest_001_01"", ""atten_dsr_VP008_gonogo3_task_002_00"", ""atten_dsr_VP008_gonogo3_task_002_01"", ""atten_dsr_VP008_gonogo3_rest_002_01"", ""atten_dsr_VP008_gonogo3_task_003_01"", ""atten_dsr_VP008_gonogo3_rest_003_01"", ""atten_dsr_VP008_gonogo3_task_004_01"", ""atten_dsr_VP008_gonogo3_rest_004_00"", ""atten_dsr_VP008_gonogo3_rest_004_01"", ""atten_dsr_VP008_gonogo3_task_005_00"", ""atten_dsr_VP008_gonogo3_task_005_01"", ""atten_dsr_VP008_gonogo3_rest_005_01"", ""atten_dsr_VP008_gonogo3_task_006_00"", ""atten_dsr_VP008_gonogo3_task_006_01"", ""atten_dsr_VP008_gonogo3_rest_006_00"", ""atten_dsr_VP008_gonogo3_rest_006_01""]",True,,0.8222222222222222,45,75,0.94,0.9397832195905259,0.9464285714285714,0.94,0.88
VP009,2023,pooled_refit,0.30,0.3055555555555556,22,50,"{""0"": 11, ""1"": 11}","{""0"": 25, ""1"": 25}","[""atten_dsr_VP009_gonogo1_task_002_00"", ""atten_dsr_VP009_gonogo1_task_003_00"", ""atten_dsr_VP009_gonogo1_task_004_00"", ""atten_dsr_VP009_gonogo1_task_004_01"", ""atten_dsr_VP009_gonogo1_rest_004_00"", ""atten_dsr_VP009_gonogo1_task_005_00"", ""atten_dsr_VP009_gonogo1_rest_006_01"", ""atten_dsr_VP009_gonogo2_task_001_00"", ""atten_dsr_VP009_gonogo2_rest_001_01"", ""atten_dsr_VP009_gonogo2_rest_002_00"", ""atten_dsr_VP009_gonogo2_rest_003_01"", ""atten_dsr_VP009_gonogo2_task_004_01"", ""atten_dsr_VP009_gonogo2_rest_004_00"", ""atten_dsr_VP009_gonogo2_rest_006_00"", ""atten_dsr_VP009_gonogo3_task_001_00"", ""atten_dsr_VP009_gonogo3_task_001_01"", ""atten_dsr_VP009_gonogo3_rest_001_00"", ""atten_dsr_VP009_gonogo3_rest_002_00"", ""atten_dsr_VP009_gonogo3_task_003_00"", ""atten_dsr_VP009_gonogo3_rest_003_00"", ""atten_dsr_VP009_gonogo3_task_004_00"", ""atten_dsr_VP009_gonogo3_rest_005_00""]","[""atten_dsr_VP009_gonogo1_task_001_00"", ""atten_dsr_VP009_gonogo1_task_001_01"", ""atten_dsr_VP009_gonogo1_rest_001_00"", ""atten_dsr_VP009_gonogo1_rest_001_01"", ""atten_dsr_VP009_gonogo1_task_002_01"", ""atten_dsr_VP009_gonogo1_rest_002_00"", ""atten_dsr_VP009_gonogo1_rest_002_01"", ""atten_dsr_VP009_gonogo1_task_003_01"", ""atten_dsr_VP009_gonogo1_rest_003_00"", ""atten_dsr_VP009_gonogo1_rest_003_01"", ""atten_dsr_VP009_gonogo1_rest_004_01"", ""atten_dsr_VP009_gonogo1_task_005_01"", ""atten_dsr_VP009_gonogo1_rest_005_00"", ""atten_dsr_VP009_gonogo1_rest_005_01"", ""atten_dsr_VP009_gonogo1_task_006_00"", ""atten_dsr_VP009_gonogo1_task_006_01"", ""atten_dsr_VP009_gonogo1_rest_006_00"", ""atten_dsr_VP009_gonogo2_task_001_01"", ""atten_dsr_VP009_gonogo2_rest_001_00"", ""atten_dsr_VP009_gonogo2_task_002_00"", ""atten_dsr_VP009_gonogo2_task_002_01"", ""atten_dsr_VP009_gonogo2_rest_002_01"", ""atten_dsr_VP009_gonogo2_task_003_00"", ""atten_dsr_VP009_gonogo2_task_003_01"", ""atten_dsr_VP009_gonogo2_rest_003_00"", ""atten_dsr_VP009_gonogo2_task_004_00"", ""atten_dsr_VP009_gonogo2_rest_004_01"", ""atten_dsr_VP009_gonogo2_task_005_00"", ""atten_dsr_VP009_gonogo2_task_005_01"", ""atten_dsr_VP009_gonogo2_rest_005_00"", ""atten_dsr_VP009_gonogo2_rest_005_01"", ""atten_dsr_VP009_gonogo2_task_006_00"", ""atten_dsr_VP009_gonogo2_task_006_01"", ""atten_dsr_VP009_gonogo2_rest_006_01"", ""atten_dsr_VP009_gonogo3_rest_001_01"", ""atten_dsr_VP009_gonogo3_task_002_00"", ""atten_dsr_VP009_gonogo3_task_002_01"", ""atten_dsr_VP009_gonogo3_rest_002_01"", ""atten_dsr_VP009_gonogo3_task_003_01"", ""atten_dsr_VP009_gonogo3_rest_003_01"", ""atten_dsr_VP009_gonogo3_task_004_01"", ""atten_dsr_VP009_gonogo3_rest_004_00"", ""atten_dsr_VP009_gonogo3_rest_004_01"", ""atten_dsr_VP009_gonogo3_task_005_00"", ""atten_dsr_VP009_gonogo3_task_005_01"", ""atten_dsr_VP009_gonogo3_rest_005_01"", ""atten_dsr_VP009_gonogo3_task_006_00"", ""atten_dsr_VP009_gonogo3_task_006_01"", ""atten_dsr_VP009_gonogo3_rest_006_00"", ""atten_dsr_VP009_gonogo3_rest_006_01""]",True,,0.8330808939445458,31,61,0.9,0.898989898989899,0.9166666666666667,0.9,0.8
VP010,2023,pooled_refit,0.30,0.3055555555555556,22,50,"{""0"": 11, ""1"": 11}","{""0"": 25, ""1"": 25}","[""atten_dsr_VP010_gonogo1_task_002_00"", ""atten_dsr_VP010_gonogo1_task_003_00"", ""atten_dsr_VP010_gonogo1_task_004_00"", ""atten_dsr_VP010_gonogo1_task_004_01"", ""atten_dsr_VP010_gonogo1_rest_004_00"", ""atten_dsr_VP010_gonogo1_task_005_00"", ""atten_dsr_VP010_gonogo1_rest_006_01"", ""atten_dsr_VP010_gonogo2_task_001_00"", ""atten_dsr_VP010_gonogo2_rest_001_01"", ""atten_dsr_VP010_gonogo2_rest_002_00"", ""atten_dsr_VP010_gonogo2_rest_003_01"", ""atten_dsr_VP010_gonogo2_task_004_01"", ""atten_dsr_VP010_gonogo2_rest_004_00"", ""atten_dsr_VP010_gonogo2_rest_006_00"", ""atten_dsr_VP010_gonogo3_task_001_00"", ""atten_dsr_VP010_gonogo3_task_001_01"", ""atten_dsr_VP010_gonogo3_rest_001_00"", ""atten_dsr_VP010_gonogo3_rest_002_00"", ""atten_dsr_VP010_gonogo3_task_003_00"", ""atten_dsr_VP010_gonogo3_rest_003_00"", ""atten_dsr_VP010_gonogo3_task_004_00"", ""atten_dsr_VP010_gonogo3_rest_005_00""]","[""atten_dsr_VP010_gonogo1_task_001_00"", ""atten_dsr_VP010_gonogo1_task_001_01"", ""atten_dsr_VP010_gonogo1_rest_001_00"", ""atten_dsr_VP010_gonogo1_rest_001_01"", ""atten_dsr_VP010_gonogo1_task_002_01"", ""atten_dsr_VP010_gonogo1_rest_002_00"", ""atten_dsr_VP010_gonogo1_rest_002_01"", ""atten_dsr_VP010_gonogo1_task_003_01"", ""atten_dsr_VP010_gonogo1_rest_003_00"", ""atten_dsr_VP010_gonogo1_rest_003_01"", ""atten_dsr_VP010_gonogo1_rest_004_01"", ""atten_dsr_VP010_gonogo1_task_005_01"", ""atten_dsr_VP010_gonogo1_rest_005_00"", ""atten_dsr_VP010_gonogo1_rest_005_01"", ""atten_dsr_VP010_gonogo1_task_006_00"", ""atten_dsr_VP010_gonogo1_task_006_01"", ""atten_dsr_VP010_gonogo1_rest_006_00"", ""atten_dsr_VP010_gonogo2_task_001_01"", ""atten_dsr_VP010_gonogo2_rest_001_00"", ""atten_dsr_VP010_gonogo2_task_002_00"", ""atten_dsr_VP010_gonogo2_task_002_01"", ""atten_dsr_VP010_gonogo2_rest_002_01"", ""atten_dsr_VP010_gonogo2_task_003_00"", ""atten_dsr_VP010_gonogo2_task_003_01"", ""atten_dsr_VP010_gonogo2_rest_003_00"", ""atten_dsr_VP010_gonogo2_task_004_00"", ""atten_dsr_VP010_gonogo2_rest_004_01"", ""atten_dsr_VP010_gonogo2_task_005_00"", ""atten_dsr_VP010_gonogo2_task_005_01"", ""atten_dsr_VP010_gonogo2_rest_005_00"", ""atten_dsr_VP010_gonogo2_rest_005_01"", ""atten_dsr_VP010_gonogo2_task_006_00"", ""atten_dsr_VP010_gonogo2_task_006_01"", ""atten_dsr_VP010_gonogo2_rest_006_01"", ""atten_dsr_VP010_gonogo3_rest_001_01"", ""atten_dsr_VP010_gonogo3_task_002_00"", ""atten_dsr_VP010_gonogo3_task_002_01"", ""atten_dsr_VP010_gonogo3_rest_002_01"", ""atten_dsr_VP010_gonogo3_task_003_01"", ""atten_dsr_VP010_gonogo3_rest_003_01"", ""atten_dsr_VP010_gonogo3_task_004_01"", ""atten_dsr_VP010_gonogo3_rest_004_00"", ""atten_dsr_VP010_gonogo3_rest_004_01"", ""atten_dsr_VP010_gonogo3_task_005_00"", ""atten_dsr_VP010_gonogo3_task_005_01"", ""atten_dsr_VP010_gonogo3_rest_005_01"", ""atten_dsr_VP010_gonogo3_task_006_00"", ""atten_dsr_VP010_gonogo3_task_006_01"", ""atten_dsr_VP010_gonogo3_rest_006_00"", ""atten_dsr_VP010_gonogo3_rest_006_01""]",True,,0.8749758826934207,24,54,0.74,0.7373737373737375,0.75,0.74,0.48
VP011,2023,pooled_refit,0.30,0.3055555555555556,22,50,"{""0"": 11, ""1"": 11}","{""0"": 25, ""1"": 25}","[""atten_dsr_VP011_gonogo1_task_002_00"", ""atten_dsr_VP011_gonogo1_task_003_00"", ""atten_dsr_VP011_gonogo1_task_004_00"", ""atten_dsr_VP011_gonogo1_task_004_01"", ""atten_dsr_VP011_gonogo1_rest_004_00"", ""atten_dsr_VP011_gonogo1_task_005_00"", ""atten_dsr_VP011_gonogo1_rest_006_01"", ""atten_dsr_VP011_gonogo2_task_001_00"", ""atten_dsr_VP011_gonogo2_rest_001_01"", ""atten_dsr_VP011_gonogo2_rest_002_00"", ""atten_dsr_VP011_gonogo2_rest_003_01"", ""atten_dsr_VP011_gonogo2_task_004_01"", ""atten_dsr_VP011_gonogo2_rest_004_00"", ""atten_dsr_VP011_gonogo2_rest_006_00"", ""atten_dsr_VP011_gonogo3_task_001_00"", ""atten_dsr_VP011_gonogo3_task_001_01"", ""atten_dsr_VP011_gonogo3_rest_001_00"", ""atten_dsr_VP011_gonogo3_rest_002_00"", ""atten_dsr_VP011_gonogo3_task_003_00"", ""atten_dsr_VP011_gonogo3_rest_003_00"", ""atten_dsr_VP011_gonogo3_task_004_00"", ""atten_dsr_VP011_gonogo3_rest_005_00""]","[""atten_dsr_VP011_gonogo1_task_001_00"", ""atten_dsr_VP011_gonogo1_task_001_01"", ""atten_dsr_VP011_gonogo1_rest_001_00"", ""atten_dsr_VP011_gonogo1_rest_001_01"", ""atten_dsr_VP011_gonogo1_task_002_01"", ""atten_dsr_VP011_gonogo1_rest_002_00"", ""atten_dsr_VP011_gonogo1_rest_002_01"", ""atten_dsr_VP011_gonogo1_task_003_01"", ""atten_dsr_VP011_gonogo1_rest_003_00"", ""atten_dsr_VP011_gonogo1_rest_003_01"", ""atten_dsr_VP011_gonogo1_rest_004_01"", ""atten_dsr_VP011_gonogo1_task_005_01"", ""atten_dsr_VP011_gonogo1_rest_005_00"", ""atten_dsr_VP011_gonogo1_rest_005_01"", ""atten_dsr_VP011_gonogo1_task_006_00"", ""atten_dsr_VP011_gonogo1_task_006_01"", ""atten_dsr_VP011_gonogo1_rest_006_00"", ""atten_dsr_VP011_gonogo2_task_001_01"", ""atten_dsr_VP011_gonogo2_rest_001_00"", ""atten_dsr_VP011_gonogo2_task_002_00"", ""atten_dsr_VP011_gonogo2_task_002_01"", ""atten_dsr_VP011_gonogo2_rest_002_01"", ""atten_dsr_VP011_gonogo2_task_003_00"", ""atten_dsr_VP011_gonogo2_task_003_01"", ""atten_dsr_VP011_gonogo2_rest_003_00"", ""atten_dsr_VP011_gonogo2_task_004_00"", ""atten_dsr_VP011_gonogo2_rest_004_01"", ""atten_dsr_VP011_gonogo2_task_005_00"", ""atten_dsr_VP011_gonogo2_task_005_01"", ""atten_dsr_VP011_gonogo2_rest_005_00"", ""atten_dsr_VP011_gonogo2_rest_005_01"", ""atten_dsr_VP011_gonogo2_task_006_00"", ""atten_dsr_VP011_gonogo2_task_006_01"", ""atten_dsr_VP011_gonogo2_rest_006_01"", ""atten_dsr_VP011_gonogo3_rest_001_01"", ""atten_dsr_VP011_gonogo3_task_002_00"", ""atten_dsr_VP011_gonogo3_task_002_01"", ""atten_dsr_VP011_gonogo3_rest_002_01"", ""atten_dsr_VP011_gonogo3_task_003_01"", ""atten_dsr_VP011_gonogo3_rest_003_01"", ""atten_dsr_VP011_gonogo3_task_004_01"", ""atten_dsr_VP011_gonogo3_rest_004_00"", ""atten_dsr_VP011_gonogo3_rest_004_01"", ""atten_dsr_VP011_gonogo3_task_005_00"", ""atten_dsr_VP011_gonogo3_task_005_01"", ""atten_dsr_VP011_gonogo3_rest_005_01"", ""atten_dsr_VP011_gonogo3_task_006_00"", ""atten_dsr_VP011_gonogo3_task_006_01"", ""atten_dsr_VP011_gonogo3_rest_006_00"", ""atten_dsr_VP011_gonogo3_rest_006_01""]",True,,0.8776833976833978,36,66,0.68,0.6753246753246753,0.6910016977928692,0.68,0.36
VP012,2023,pooled_refit,0.30,0.3055555555555556,22,50,"{""0"": 11, ""1"": 11}","{""0"": 25, ""1"": 25}","[""atten_dsr_VP012_gonogo1_task_002_00"", ""atten_dsr_VP012_gonogo1_task_003_00"", ""atten_dsr_VP012_gonogo1_task_004_00"", ""atten_dsr_VP012_gonogo1_task_004_01"", ""atten_dsr_VP012_gonogo1_rest_004_00"", ""atten_dsr_VP012_gonogo1_task_005_00"", ""atten_dsr_VP012_gonogo1_rest_006_01"", ""atten_dsr_VP012_gonogo2_task_001_00"", ""atten_dsr_VP012_gonogo2_rest_001_01"", ""atten_dsr_VP012_gonogo2_rest_002_00"", ""atten_dsr_VP012_gonogo2_rest_003_01"", ""atten_dsr_VP012_gonogo2_task_004_01"", ""atten_dsr_VP012_gonogo2_rest_004_00"", ""atten_dsr_VP012_gonogo2_rest_006_00"", ""atten_dsr_VP012_gonogo3_task_001_00"", ""atten_dsr_VP012_gonogo3_task_001_01"", ""atten_dsr_VP012_gonogo3_rest_001_00"", ""atten_dsr_VP012_gonogo3_rest_002_00"", ""atten_dsr_VP012_gonogo3_task_003_00"", ""atten_dsr_VP012_gonogo3_rest_003_00"", ""atten_dsr_VP012_gonogo3_task_004_00"", ""atten_dsr_VP012_gonogo3_rest_005_00""]","[""atten_dsr_VP012_gonogo1_task_001_00"", ""atten_dsr_VP012_gonogo1_task_001_01"", ""atten_dsr_VP012_gonogo1_rest_001_00"", ""atten_dsr_VP012_gonogo1_rest_001_01"", ""atten_dsr_VP012_gonogo1_task_002_01"", ""atten_dsr_VP012_gonogo1_rest_002_00"", ""atten_dsr_VP012_gonogo1_rest_002_01"", ""atten_dsr_VP012_gonogo1_task_003_01"", ""atten_dsr_VP012_gonogo1_rest_003_00"", ""atten_dsr_VP012_gonogo1_rest_003_01"", ""atten_dsr_VP012_gonogo1_rest_004_01"", ""atten_dsr_VP012_gonogo1_task_005_01"", ""atten_dsr_VP012_gonogo1_rest_005_00"", ""atten_dsr_VP012_gonogo1_rest_005_01"", ""atten_dsr_VP012_gonogo1_task_006_00"", ""atten_dsr_VP012_gonogo1_task_006_01"", ""atten_dsr_VP012_gonogo1_rest_006_00"", ""atten_dsr_VP012_gonogo2_task_001_01"", ""atten_dsr_VP012_gonogo2_rest_001_00"", ""atten_dsr_VP012_gonogo2_task_002_00"", ""atten_dsr_VP012_gonogo2_task_002_01"", ""atten_dsr_VP012_gonogo2_rest_002_01"", ""atten_dsr_VP012_gonogo2_task_003_00"", ""atten_dsr_VP012_gonogo2_task_003_01"", ""atten_dsr_VP012_gonogo2_rest_003_00"", ""atten_dsr_VP012_gonogo2_task_004_00"", ""atten_dsr_VP012_gonogo2_rest_004_01"", ""atten_dsr_VP012_gonogo2_task_005_00"", ""atten_dsr_VP012_gonogo2_task_005_01"", ""atten_dsr_VP012_gonogo2_rest_005_00"", ""atten_dsr_VP012_gonogo2_rest_005_01"", ""atten_dsr_VP012_gonogo2_task_006_00"", ""atten_dsr_VP012_gonogo2_task_006_01"", ""atten_dsr_VP012_gonogo2_rest_006_01"", ""atten_dsr_VP012_gonogo3_rest_001_01"", ""atten_dsr_VP012_gonogo3_task_002_00"", ""atten_dsr_VP012_gonogo3_task_002_01"", ""atten_dsr_VP012_gonogo3_rest_002_01"", ""atten_dsr_VP012_gonogo3_task_003_01"", ""atten_dsr_VP012_gonogo3_rest_003_01"", ""atten_dsr_VP012_gonogo3_task_004_01"", ""atten_dsr_VP012_gonogo3_rest_004_00"", ""atten_dsr_VP012_gonogo3_rest_004_01"", ""atten_dsr_VP012_gonogo3_task_005_00"", ""atten_dsr_VP012_gonogo3_task_005_01"", ""atten_dsr_VP012_gonogo3_rest_005_01"", ""atten_dsr_VP012_gonogo3_task_006_00"", ""atten_dsr_VP012_gonogo3_task_006_01"", ""atten_dsr_VP012_gonogo3_rest_006_00"", ""atten_dsr_VP012_gonogo3_rest_006_01""]",True,,0.8777173913043479,27,57,0.92,0.9198717948717949,0.9227053140096618,0.9199999999999999,0.84
VP013,2023,pooled_refit,0.30,0.3055555555555556,22,50,"{""0"": 11, ""1"": 11}","{""0"": 25, ""1"": 25}","[""atten_dsr_VP013_gonogo1_task_002_00"", ""atten_dsr_VP013_gonogo1_task_003_00"", ""atten_dsr_VP013_gonogo1_task_004_00"", ""atten_dsr_VP013_gonogo1_task_004_01"", ""atten_dsr_VP013_gonogo1_rest_004_00"", ""atten_dsr_VP013_gonogo1_task_005_00"", ""atten_dsr_VP013_gonogo1_rest_006_01"", ""atten_dsr_VP013_gonogo2_task_001_00"", ""atten_dsr_VP013_gonogo2_rest_001_01"", ""atten_dsr_VP013_gonogo2_rest_002_00"", ""atten_dsr_VP013_gonogo2_rest_003_01"", ""atten_dsr_VP013_gonogo2_task_004_01"", ""atten_dsr_VP013_gonogo2_rest_004_00"", ""atten_dsr_VP013_gonogo2_rest_006_00"", ""atten_dsr_VP013_gonogo3_task_001_00"", ""atten_dsr_VP013_gonogo3_task_001_01"", ""atten_dsr_VP013_gonogo3_rest_001_00"", ""atten_dsr_VP013_gonogo3_rest_002_00"", ""atten_dsr_VP013_gonogo3_task_003_00"", ""atten_dsr_VP013_gonogo3_rest_003_00"", ""atten_dsr_VP013_gonogo3_task_004_00"", ""atten_dsr_VP013_gonogo3_rest_005_00""]","[""atten_dsr_VP013_gonogo1_task_001_00"", ""atten_dsr_VP013_gonogo1_task_001_01"", ""atten_dsr_VP013_gonogo1_rest_001_00"", ""atten_dsr_VP013_gonogo1_rest_001_01"", ""atten_dsr_VP013_gonogo1_task_002_01"", ""atten_dsr_VP013_gonogo1_rest_002_00"", ""atten_dsr_VP013_gonogo1_rest_002_01"", ""atten_dsr_VP013_gonogo1_task_003_01"", ""atten_dsr_VP013_gonogo1_rest_003_00"", ""atten_dsr_VP013_gonogo1_rest_003_01"", ""atten_dsr_VP013_gonogo1_rest_004_01"", ""atten_dsr_VP013_gonogo1_task_005_01"", ""atten_dsr_VP013_gonogo1_rest_005_00"", ""atten_dsr_VP013_gonogo1_rest_005_01"", ""atten_dsr_VP013_gonogo1_task_006_00"", ""atten_dsr_VP013_gonogo1_task_006_01"", ""atten_dsr_VP013_gonogo1_rest_006_00"", ""atten_dsr_VP013_gonogo2_task_001_01"", ""atten_dsr_VP013_gonogo2_rest_001_00"", ""atten_dsr_VP013_gonogo2_task_002_00"", ""atten_dsr_VP013_gonogo2_task_002_01"", ""atten_dsr_VP013_gonogo2_rest_002_01"", ""atten_dsr_VP013_gonogo2_task_003_00"", ""atten_dsr_VP013_gonogo2_task_003_01"", ""atten_dsr_VP013_gonogo2_rest_003_00"", ""atten_dsr_VP013_gonogo2_task_004_00"", ""atten_dsr_VP013_gonogo2_rest_004_01"", ""atten_dsr_VP013_gonogo2_task_005_00"", ""atten_dsr_VP013_gonogo2_task_005_01"", ""atten_dsr_VP013_gonogo2_rest_005_00"", ""atten_dsr_VP013_gonogo2_rest_005_01"", ""atten_dsr_VP013_gonogo2_task_006_00"", ""atten_dsr_VP013_gonogo2_task_006_01"", ""atten_dsr_VP013_gonogo2_rest_006_01"", ""atten_dsr_VP013_gonogo3_rest_001_01"", ""atten_dsr_VP013_gonogo3_task_002_00"", ""atten_dsr_VP013_gonogo3_task_002_01"", ""atten_dsr_VP013_gonogo3_rest_002_01"", ""atten_dsr_VP013_gonogo3_task_003_01"", ""atten_dsr_VP013_gonogo3_rest_003_01"", ""atten_dsr_VP013_gonogo3_task_004_01"", ""atten_dsr_VP013_gonogo3_rest_004_00"", ""atten_dsr_VP013_gonogo3_rest_004_01"", ""atten_dsr_VP013_gonogo3_task_005_00"", ""atten_dsr_VP013_gonogo3_task_005_01"", ""atten_dsr_VP013_gonogo3_rest_005_01"", ""atten_dsr_VP013_gonogo3_task_006_00"", ""atten_dsr_VP013_gonogo3_task_006_01"", ""atten_dsr_VP013_gonogo3_rest_006_00"", ""atten_dsr_VP013_gonogo3_rest_006_01""]",True,,0.8777740053705361,52,82,0.96,0.9599358974358975,0.962962962962963,0.96,0.92
VP014,2023,pooled_refit,0.30,0.3055555555555556,22,50,"{""0"": 11, ""1"": 11}","{""0"": 25, ""1"": 25}","[""atten_dsr_VP014_gonogo1_task_002_00"", ""atten_dsr_VP014_gonogo1_task_003_00"", ""atten_dsr_VP014_gonogo1_task_004_00"", ""atten_dsr_VP014_gonogo1_task_004_01"", ""atten_dsr_VP014_gonogo1_rest_004_00"", ""atten_dsr_VP014_gonogo1_task_005_00"", ""atten_dsr_VP014_gonogo1_rest_006_01"", ""atten_dsr_VP014_gonogo2_task_001_00"", ""atten_dsr_VP014_gonogo2_rest_001_01"", ""atten_dsr_VP014_gonogo2_rest_002_00"", ""atten_dsr_VP014_gonogo2_rest_003_01"", ""atten_dsr_VP014_gonogo2_task_004_01"", ""atten_dsr_VP014_gonogo2_rest_004_00"", ""atten_dsr_VP014_gonogo2_rest_006_00"", ""atten_dsr_VP014_gonogo3_task_001_00"", ""atten_dsr_VP014_gonogo3_task_001_01"", ""atten_dsr_VP014_gonogo3_rest_001_00"", ""atten_dsr_VP014_gonogo3_rest_002_00"", ""atten_dsr_VP014_gonogo3_task_003_00"", ""atten_dsr_VP014_gonogo3_rest_003_00"", ""atten_dsr_VP014_gonogo3_task_004_00"", ""atten_dsr_VP014_gonogo3_rest_005_00""]","[""atten_dsr_VP014_gonogo1_task_001_00"", ""atten_dsr_VP014_gonogo1_task_001_01"", ""atten_dsr_VP014_gonogo1_rest_001_00"", ""atten_dsr_VP014_gonogo1_rest_001_01"", ""atten_dsr_VP014_gonogo1_task_002_01"", ""atten_dsr_VP014_gonogo1_rest_002_00"", ""atten_dsr_VP014_gonogo1_rest_002_01"", ""atten_dsr_VP014_gonogo1_task_003_01"", ""atten_dsr_VP014_gonogo1_rest_003_00"", ""atten_dsr_VP014_gonogo1_rest_003_01"", ""atten_dsr_VP014_gonogo1_rest_004_01"", ""atten_dsr_VP014_gonogo1_task_005_01"", ""atten_dsr_VP014_gonogo1_rest_005_00"", ""atten_dsr_VP014_gonogo1_rest_005_01"", ""atten_dsr_VP014_gonogo1_task_006_00"", ""atten_dsr_VP014_gonogo1_task_006_01"", ""atten_dsr_VP014_gonogo1_rest_006_00"", ""atten_dsr_VP014_gonogo2_task_001_01"", ""atten_dsr_VP014_gonogo2_rest_001_00"", ""atten_dsr_VP014_gonogo2_task_002_00"", ""atten_dsr_VP014_gonogo2_task_002_01"", ""atten_dsr_VP014_gonogo2_rest_002_01"", ""atten_dsr_VP014_gonogo2_task_003_00"", ""atten_dsr_VP014_gonogo2_task_003_01"", ""atten_dsr_VP014_gonogo2_rest_003_00"", ""atten_dsr_VP014_gonogo2_task_004_00"", ""atten_dsr_VP014_gonogo2_rest_004_01"", ""atten_dsr_VP014_gonogo2_task_005_00"", ""atten_dsr_VP014_gonogo2_task_005_01"", ""atten_dsr_VP014_gonogo2_rest_005_00"", ""atten_dsr_VP014_gonogo2_rest_005_01"", ""atten_dsr_VP014_gonogo2_task_006_00"", ""atten_dsr_VP014_gonogo2_task_006_01"", ""atten_dsr_VP014_gonogo2_rest_006_01"", ""atten_dsr_VP014_gonogo3_rest_001_01"", ""atten_dsr_VP014_gonogo3_task_002_00"", ""atten_dsr_VP014_gonogo3_task_002_01"", ""atten_dsr_VP014_gonogo3_rest_002_01"", ""atten_dsr_VP014_gonogo3_task_003_01"", ""atten_dsr_VP014_gonogo3_rest_003_01"", ""atten_dsr_VP014_gonogo3_task_004_01"", ""atten_dsr_VP014_gonogo3_rest_004_00"", ""atten_dsr_VP014_gonogo3_rest_004_01"", ""atten_dsr_VP014_gonogo3_task_005_00"", ""atten_dsr_VP014_gonogo3_task_005_01"", ""atten_dsr_VP014_gonogo3_rest_005_01"", ""atten_dsr_VP014_gonogo3_task_006_00"", ""atten_dsr_VP014_gonogo3_task_006_01"", ""atten_dsr_VP014_gonogo3_rest_006_00"", ""atten_dsr_VP014_gonogo3_rest_006_01""]",True,,0.8749758826934207,52,82,0.98,0.9799919967987194,0.9807692307692308,0.98,0.96
VP015,2023,pooled_refit,0.30,0.3055555555555556,22,50,"{""0"": 11, ""1"": 11}","{""0"": 25, ""1"": 25}","[""atten_dsr_VP015_gonogo1_task_002_00"", ""atten_dsr_VP015_gonogo1_task_003_00"", ""atten_dsr_VP015_gonogo1_task_004_00"", ""atten_dsr_VP015_gonogo1_task_004_01"", ""atten_dsr_VP015_gonogo1_rest_004_00"", ""atten_dsr_VP015_gonogo1_task_005_00"", ""atten_dsr_VP015_gonogo1_rest_006_01"", ""atten_dsr_VP015_gonogo2_task_001_00"", ""atten_dsr_VP015_gonogo2_rest_001_01"", ""atten_dsr_VP015_gonogo2_rest_002_00"", ""atten_dsr_VP015_gonogo2_rest_003_01"", ""atten_dsr_VP015_gonogo2_task_004_01"", ""atten_dsr_VP015_gonogo2_rest_004_00"", ""atten_dsr_VP015_gonogo2_rest_006_00"", ""atten_dsr_VP015_gonogo3_task_001_00"", ""atten_dsr_VP015_gonogo3_task_001_01"", ""atten_dsr_VP015_gonogo3_rest_001_00"", ""atten_dsr_VP015_gonogo3_rest_002_00"", ""atten_dsr_VP015_gonogo3_task_003_00"", ""atten_dsr_VP015_gonogo3_rest_003_00"", ""atten_dsr_VP015_gonogo3_task_004_00"", ""atten_dsr_VP015_gonogo3_rest_005_00""]","[""atten_dsr_VP015_gonogo1_task_001_00"", ""atten_dsr_VP015_gonogo1_task_001_01"", ""atten_dsr_VP015_gonogo1_rest_001_00"", ""atten_dsr_VP015_gonogo1_rest_001_01"", ""atten_dsr_VP015_gonogo1_task_002_01"", ""atten_dsr_VP015_gonogo1_rest_002_00"", ""atten_dsr_VP015_gonogo1_rest_002_01"", ""atten_dsr_VP015_gonogo1_task_003_01"", ""atten_dsr_VP015_gonogo1_rest_003_00"", ""atten_dsr_VP015_gonogo1_rest_003_01"", ""atten_dsr_VP015_gonogo1_rest_004_01"", ""atten_dsr_VP015_gonogo1_task_005_01"", ""atten_dsr_VP015_gonogo1_rest_005_00"", ""atten_dsr_VP015_gonogo1_rest_005_01"", ""atten_dsr_VP015_gonogo1_task_006_00"", ""atten_dsr_VP015_gonogo1_task_006_01"", ""atten_dsr_VP015_gonogo1_rest_006_00"", ""atten_dsr_VP015_gonogo2_task_001_01"", ""atten_dsr_VP015_gonogo2_rest_001_00"", ""atten_dsr_VP015_gonogo2_task_002_00"", ""atten_dsr_VP015_gonogo2_task_002_01"", ""atten_dsr_VP015_gonogo2_rest_002_01"", ""atten_dsr_VP015_gonogo2_task_003_00"", ""atten_dsr_VP015_gonogo2_task_003_01"", ""atten_dsr_VP015_gonogo2_rest_003_00"", ""atten_dsr_VP015_gonogo2_task_004_00"", ""atten_dsr_VP015_gonogo2_rest_004_01"", ""atten_dsr_VP015_gonogo2_task_005_00"", ""atten_dsr_VP015_gonogo2_task_005_01"", ""atten_dsr_VP015_gonogo2_rest_005_00"", ""atten_dsr_VP015_gonogo2_rest_005_01"", ""atten_dsr_VP015_gonogo2_task_006_00"", ""atten_dsr_VP015_gonogo2_task_006_01"", ""atten_dsr_VP015_gonogo2_rest_006_01"", ""atten_dsr_VP015_gonogo3_rest_001_01"", ""atten_dsr_VP015_gonogo3_task_002_00"", ""atten_dsr_VP015_gonogo3_task_002_01"", ""atten_dsr_VP015_gonogo3_rest_002_01"", ""atten_dsr_VP015_gonogo3_task_003_01"", ""atten_dsr_VP015_gonogo3_rest_003_01"", ""atten_dsr_VP015_gonogo3_task_004_01"", ""atten_dsr_VP015_gonogo3_rest_004_00"", ""atten_dsr_VP015_gonogo3_rest_004_01"", ""atten_dsr_VP015_gonogo3_task_005_00"", ""atten_dsr_VP015_gonogo3_task_005_01"", ""atten_dsr_VP015_gonogo3_rest_005_01"", ""atten_dsr_VP015_gonogo3_task_006_00"", ""atten_dsr_VP015_gonogo3_task_006_01"", ""atten_dsr_VP015_gonogo3_rest_006_00"", ""atten_dsr_VP015_gonogo3_rest_006_01""]",True,,0.8666666666666667,71,100,0.84,0.8397435897435898,0.8421900161030595,0.8400000000000001,0.6799999999999999
VP016,2023,pooled_refit,0.30,0.3055555555555556,22,50,"{""0"": 11, ""1"": 11}","{""0"": 25, ""1"": 25}","[""atten_dsr_VP016_gonogo1_task_002_00"", ""atten_dsr_VP016_gonogo1_task_003_00"", ""atten_dsr_VP016_gonogo1_task_004_00"", ""atten_dsr_VP016_gonogo1_task_004_01"", ""atten_dsr_VP016_gonogo1_rest_004_00"", ""atten_dsr_VP016_gonogo1_task_005_00"", ""atten_dsr_VP016_gonogo1_rest_006_01"", ""atten_dsr_VP016_gonogo2_task_001_00"", ""atten_dsr_VP016_gonogo2_rest_001_01"", ""atten_dsr_VP016_gonogo2_rest_002_00"", ""atten_dsr_VP016_gonogo2_rest_003_01"", ""atten_dsr_VP016_gonogo2_task_004_01"", ""atten_dsr_VP016_gonogo2_rest_004_00"", ""atten_dsr_VP016_gonogo2_rest_006_00"", ""atten_dsr_VP016_gonogo3_task_001_00"", ""atten_dsr_VP016_gonogo3_task_001_01"", ""atten_dsr_VP016_gonogo3_rest_001_00"", ""atten_dsr_VP016_gonogo3_rest_002_00"", ""atten_dsr_VP016_gonogo3_task_003_00"", ""atten_dsr_VP016_gonogo3_rest_003_00"", ""atten_dsr_VP016_gonogo3_task_004_00"", ""atten_dsr_VP016_gonogo3_rest_005_00""]","[""atten_dsr_VP016_gonogo1_task_001_00"", ""atten_dsr_VP016_gonogo1_task_001_01"", ""atten_dsr_VP016_gonogo1_rest_001_00"", ""atten_dsr_VP016_gonogo1_rest_001_01"", ""atten_dsr_VP016_gonogo1_task_002_01"", ""atten_dsr_VP016_gonogo1_rest_002_00"", ""atten_dsr_VP016_gonogo1_rest_002_01"", ""atten_dsr_VP016_gonogo1_task_003_01"", ""atten_dsr_VP016_gonogo1_rest_003_00"", ""atten_dsr_VP016_gonogo1_rest_003_01"", ""atten_dsr_VP016_gonogo1_rest_004_01"", ""atten_dsr_VP016_gonogo1_task_005_01"", ""atten_dsr_VP016_gonogo1_rest_005_00"", ""atten_dsr_VP016_gonogo1_rest_005_01"", ""atten_dsr_VP016_gonogo1_task_006_00"", ""atten_dsr_VP016_gonogo1_task_006_01"", ""atten_dsr_VP016_gonogo1_rest_006_00"", ""atten_dsr_VP016_gonogo2_task_001_01"", ""atten_dsr_VP016_gonogo2_rest_001_00"", ""atten_dsr_VP016_gonogo2_task_002_00"", ""atten_dsr_VP016_gonogo2_task_002_01"", ""atten_dsr_VP016_gonogo2_rest_002_01"", ""atten_dsr_VP016_gonogo2_task_003_00"", ""atten_dsr_VP016_gonogo2_task_003_01"", ""atten_dsr_VP016_gonogo2_rest_003_00"", ""atten_dsr_VP016_gonogo2_task_004_00"", ""atten_dsr_VP016_gonogo2_rest_004_01"", ""atten_dsr_VP016_gonogo2_task_005_00"", ""atten_dsr_VP016_gonogo2_task_005_01"", ""atten_dsr_VP016_gonogo2_rest_005_00"", ""atten_dsr_VP016_gonogo2_rest_005_01"", ""atten_dsr_VP016_gonogo2_task_006_00"", ""atten_dsr_VP016_gonogo2_task_006_01"", ""atten_dsr_VP016_gonogo2_rest_006_01"", ""atten_dsr_VP016_gonogo3_rest_001_01"", ""atten_dsr_VP016_gonogo3_task_002_00"", ""atten_dsr_VP016_gonogo3_task_002_01"", ""atten_dsr_VP016_gonogo3_rest_002_01"", ""atten_dsr_VP016_gonogo3_task_003_01"", ""atten_dsr_VP016_gonogo3_rest_003_01"", ""atten_dsr_VP016_gonogo3_task_004_01"", ""atten_dsr_VP016_gonogo3_rest_004_00"", ""atten_dsr_VP016_gonogo3_rest_004_01"", ""atten_dsr_VP016_gonogo3_task_005_00"", ""atten_dsr_VP016_gonogo3_task_005_01"", ""atten_dsr_VP016_gonogo3_rest_005_01"", ""atten_dsr_VP016_gonogo3_task_006_00"", ""atten_dsr_VP016_gonogo3_task_006_01"", ""atten_dsr_VP016_gonogo3_rest_006_00"", ""atten_dsr_VP016_gonogo3_rest_006_01""]",True,,0.8386448641463943,62,92,0.76,0.7453310696095077,0.8378378378378378,0.76,0.52
VP017,2023,pooled_refit,0.30,0.3055555555555556,22,50,"{""0"": 11, ""1"": 11}","{""0"": 25, ""1"": 25}","[""atten_dsr_VP017_gonogo1_task_002_00"", ""atten_dsr_VP017_gonogo1_task_003_00"", ""atten_dsr_VP017_gonogo1_task_004_00"", ""atten_dsr_VP017_gonogo1_task_004_01"", ""atten_dsr_VP017_gonogo1_rest_004_00"", ""atten_dsr_VP017_gonogo1_task_005_00"", ""atten_dsr_VP017_gonogo1_rest_006_01"", ""atten_dsr_VP017_gonogo2_task_001_00"", ""atten_dsr_VP017_gonogo2_rest_001_01"", ""atten_dsr_VP017_gonogo2_rest_002_00"", ""atten_dsr_VP017_gonogo2_rest_003_01"", ""atten_dsr_VP017_gonogo2_task_004_01"", ""atten_dsr_VP017_gonogo2_rest_004_00"", ""atten_dsr_VP017_gonogo2_rest_006_00"", ""atten_dsr_VP017_gonogo3_task_001_00"", ""atten_dsr_VP017_gonogo3_task_001_01"", ""atten_dsr_VP017_gonogo3_rest_001_00"", ""atten_dsr_VP017_gonogo3_rest_002_00"", ""atten_dsr_VP017_gonogo3_task_003_00"", ""atten_dsr_VP017_gonogo3_rest_003_00"", ""atten_dsr_VP017_gonogo3_task_004_00"", ""atten_dsr_VP017_gonogo3_rest_005_00""]","[""atten_dsr_VP017_gonogo1_task_001_00"", ""atten_dsr_VP017_gonogo1_task_001_01"", ""atten_dsr_VP017_gonogo1_rest_001_00"", ""atten_dsr_VP017_gonogo1_rest_001_01"", ""atten_dsr_VP017_gonogo1_task_002_01"", ""atten_dsr_VP017_gonogo1_rest_002_00"", ""atten_dsr_VP017_gonogo1_rest_002_01"", ""atten_dsr_VP017_gonogo1_task_003_01"", ""atten_dsr_VP017_gonogo1_rest_003_00"", ""atten_dsr_VP017_gonogo1_rest_003_01"", ""atten_dsr_VP017_gonogo1_rest_004_01"", ""atten_dsr_VP017_gonogo1_task_005_01"", ""atten_dsr_VP017_gonogo1_rest_005_00"", ""atten_dsr_VP017_gonogo1_rest_005_01"", ""atten_dsr_VP017_gonogo1_task_006_00"", ""atten_dsr_VP017_gonogo1_task_006_01"", ""atten_dsr_VP017_gonogo1_rest_006_00"", ""atten_dsr_VP017_gonogo2_task_001_01"", ""atten_dsr_VP017_gonogo2_rest_001_00"", ""atten_dsr_VP017_gonogo2_task_002_00"", ""atten_dsr_VP017_gonogo2_task_002_01"", ""atten_dsr_VP017_gonogo2_rest_002_01"", ""atten_dsr_VP017_gonogo2_task_003_00"", ""atten_dsr_VP017_gonogo2_task_003_01"", ""atten_dsr_VP017_gonogo2_rest_003_00"", ""atten_dsr_VP017_gonogo2_task_004_00"", ""atten_dsr_VP017_gonogo2_rest_004_01"", ""atten_dsr_VP017_gonogo2_task_005_00"", ""atten_dsr_VP017_gonogo2_task_005_01"", ""atten_dsr_VP017_gonogo2_rest_005_00"", ""atten_dsr_VP017_gonogo2_rest_005_01"", ""atten_dsr_VP017_gonogo2_task_006_00"", ""atten_dsr_VP017_gonogo2_task_006_01"", ""atten_dsr_VP017_gonogo2_rest_006_01"", ""atten_dsr_VP017_gonogo3_rest_001_01"", ""atten_dsr_VP017_gonogo3_task_002_00"", ""atten_dsr_VP017_gonogo3_task_002_01"", ""atten_dsr_VP017_gonogo3_rest_002_01"", ""atten_dsr_VP017_gonogo3_task_003_01"", ""atten_dsr_VP017_gonogo3_rest_003_01"", ""atten_dsr_VP017_gonogo3_task_004_01"", ""atten_dsr_VP017_gonogo3_rest_004_00"", ""atten_dsr_VP017_gonogo3_rest_004_01"", ""atten_dsr_VP017_gonogo3_task_005_00"", ""atten_dsr_VP017_gonogo3_task_005_01"", ""atten_dsr_VP017_gonogo3_rest_005_01"", ""atten_dsr_VP017_gonogo3_task_006_00"", ""atten_dsr_VP017_gonogo3_task_006_01"", ""atten_dsr_VP017_gonogo3_rest_006_00"", ""atten_dsr_VP017_gonogo3_rest_006_01""]",True,,0.8721235521235522,66,96,0.9,0.8999599839935974,0.9006410256410255,0.9,0.8
VP018,2023,pooled_refit,0.30,0.3055555555555556,22,50,"{""0"": 11, ""1"": 11}","{""0"": 25, ""1"": 25}","[""atten_dsr_VP018_gonogo1_task_002_00"", ""atten_dsr_VP018_gonogo1_task_003_00"", ""atten_dsr_VP018_gonogo1_task_004_00"", ""atten_dsr_VP018_gonogo1_task_004_01"", ""atten_dsr_VP018_gonogo1_rest_004_00"", ""atten_dsr_VP018_gonogo1_task_005_00"", ""atten_dsr_VP018_gonogo1_rest_006_01"", ""atten_dsr_VP018_gonogo2_task_001_00"", ""atten_dsr_VP018_gonogo2_rest_001_01"", ""atten_dsr_VP018_gonogo2_rest_002_00"", ""atten_dsr_VP018_gonogo2_rest_003_01"", ""atten_dsr_VP018_gonogo2_task_004_01"", ""atten_dsr_VP018_gonogo2_rest_004_00"", ""atten_dsr_VP018_gonogo2_rest_006_00"", ""atten_dsr_VP018_gonogo3_task_001_00"", ""atten_dsr_VP018_gonogo3_task_001_01"", ""atten_dsr_VP018_gonogo3_rest_001_00"", ""atten_dsr_VP018_gonogo3_rest_002_00"", ""atten_dsr_VP018_gonogo3_task_003_00"", ""atten_dsr_VP018_gonogo3_rest_003_00"", ""atten_dsr_VP018_gonogo3_task_004_00"", ""atten_dsr_VP018_gonogo3_rest_005_00""]","[""atten_dsr_VP018_gonogo1_task_001_00"", ""atten_dsr_VP018_gonogo1_task_001_01"", ""atten_dsr_VP018_gonogo1_rest_001_00"", ""atten_dsr_VP018_gonogo1_rest_001_01"", ""atten_dsr_VP018_gonogo1_task_002_01"", ""atten_dsr_VP018_gonogo1_rest_002_00"", ""atten_dsr_VP018_gonogo1_rest_002_01"", ""atten_dsr_VP018_gonogo1_task_003_01"", ""atten_dsr_VP018_gonogo1_rest_003_00"", ""atten_dsr_VP018_gonogo1_rest_003_01"", ""atten_dsr_VP018_gonogo1_rest_004_01"", ""atten_dsr_VP018_gonogo1_task_005_01"", ""atten_dsr_VP018_gonogo1_rest_005_00"", ""atten_dsr_VP018_gonogo1_rest_005_01"", ""atten_dsr_VP018_gonogo1_task_006_00"", ""atten_dsr_VP018_gonogo1_task_006_01"", ""atten_dsr_VP018_gonogo1_rest_006_00"", ""atten_dsr_VP018_gonogo2_task_001_01"", ""atten_dsr_VP018_gonogo2_rest_001_00"", ""atten_dsr_VP018_gonogo2_task_002_00"", ""atten_dsr_VP018_gonogo2_task_002_01"", ""atten_dsr_VP018_gonogo2_rest_002_01"", ""atten_dsr_VP018_gonogo2_task_003_00"", ""atten_dsr_VP018_gonogo2_task_003_01"", ""atten_dsr_VP018_gonogo2_rest_003_00"", ""atten_dsr_VP018_gonogo2_task_004_00"", ""atten_dsr_VP018_gonogo2_rest_004_01"", ""atten_dsr_VP018_gonogo2_task_005_00"", ""atten_dsr_VP018_gonogo2_task_005_01"", ""atten_dsr_VP018_gonogo2_rest_005_00"", ""atten_dsr_VP018_gonogo2_rest_005_01"", ""atten_dsr_VP018_gonogo2_task_006_00"", ""atten_dsr_VP018_gonogo2_task_006_01"", ""atten_dsr_VP018_gonogo2_rest_006_01"", ""atten_dsr_VP018_gonogo3_rest_001_01"", ""atten_dsr_VP018_gonogo3_task_002_00"", ""atten_dsr_VP018_gonogo3_task_002_01"", ""atten_dsr_VP018_gonogo3_rest_002_01"", ""atten_dsr_VP018_gonogo3_task_003_01"", ""atten_dsr_VP018_gonogo3_rest_003_01"", ""atten_dsr_VP018_gonogo3_task_004_01"", ""atten_dsr_VP018_gonogo3_rest_004_00"", ""atten_dsr_VP018_gonogo3_rest_004_01"", ""atten_dsr_VP018_gonogo3_task_005_00"", ""atten_dsr_VP018_gonogo3_task_005_01"", ""atten_dsr_VP018_gonogo3_rest_005_01"", ""atten_dsr_VP018_gonogo3_task_006_00"", ""atten_dsr_VP018_gonogo3_task_006_01"", ""atten_dsr_VP018_gonogo3_rest_006_00"", ""atten_dsr_VP018_gonogo3_rest_006_01""]",True,,0.8722182783419241,46,76,0.9,0.8999599839935974,0.9006410256410255,0.9,0.8
VP019,2023,pooled_refit,0.30,0.3055555555555556,22,50,"{""0"": 11, ""1"": 11}","{""0"": 25, ""1"": 25}","[""atten_dsr_VP019_gonogo1_task_002_00"", ""atten_dsr_VP019_gonogo1_task_003_00"", ""atten_dsr_VP019_gonogo1_task_004_00"", ""atten_dsr_VP019_gonogo1_task_004_01"", ""atten_dsr_VP019_gonogo1_rest_004_00"", ""atten_dsr_VP019_gonogo1_task_005_00"", ""atten_dsr_VP019_gonogo1_rest_006_01"", ""atten_dsr_VP019_gonogo2_task_001_00"", ""atten_dsr_VP019_gonogo2_rest_001_01"", ""atten_dsr_VP019_gonogo2_rest_002_00"", ""atten_dsr_VP019_gonogo2_rest_003_01"", ""atten_dsr_VP019_gonogo2_task_004_01"", ""atten_dsr_VP019_gonogo2_rest_004_00"", ""atten_dsr_VP019_gonogo2_rest_006_00"", ""atten_dsr_VP019_gonogo3_task_001_00"", ""atten_dsr_VP019_gonogo3_task_001_01"", ""atten_dsr_VP019_gonogo3_rest_001_00"", ""atten_dsr_VP019_gonogo3_rest_002_00"", ""atten_dsr_VP019_gonogo3_task_003_00"", ""atten_dsr_VP019_gonogo3_rest_003_00"", ""atten_dsr_VP019_gonogo3_task_004_00"", ""atten_dsr_VP019_gonogo3_rest_005_00""]","[""atten_dsr_VP019_gonogo1_task_001_00"", ""atten_dsr_VP019_gonogo1_task_001_01"", ""atten_dsr_VP019_gonogo1_rest_001_00"", ""atten_dsr_VP019_gonogo1_rest_001_01"", ""atten_dsr_VP019_gonogo1_task_002_01"", ""atten_dsr_VP019_gonogo1_rest_002_00"", ""atten_dsr_VP019_gonogo1_rest_002_01"", ""atten_dsr_VP019_gonogo1_task_003_01"", ""atten_dsr_VP019_gonogo1_rest_003_00"", ""atten_dsr_VP019_gonogo1_rest_003_01"", ""atten_dsr_VP019_gonogo1_rest_004_01"", ""atten_dsr_VP019_gonogo1_task_005_01"", ""atten_dsr_VP019_gonogo1_rest_005_00"", ""atten_dsr_VP019_gonogo1_rest_005_01"", ""atten_dsr_VP019_gonogo1_task_006_00"", ""atten_dsr_VP019_gonogo1_task_006_01"", ""atten_dsr_VP019_gonogo1_rest_006_00"", ""atten_dsr_VP019_gonogo2_task_001_01"", ""atten_dsr_VP019_gonogo2_rest_001_00"", ""atten_dsr_VP019_gonogo2_task_002_00"", ""atten_dsr_VP019_gonogo2_task_002_01"", ""atten_dsr_VP019_gonogo2_rest_002_01"", ""atten_dsr_VP019_gonogo2_task_003_00"", ""atten_dsr_VP019_gonogo2_task_003_01"", ""atten_dsr_VP019_gonogo2_rest_003_00"", ""atten_dsr_VP019_gonogo2_task_004_00"", ""atten_dsr_VP019_gonogo2_rest_004_01"", ""atten_dsr_VP019_gonogo2_task_005_00"", ""atten_dsr_VP019_gonogo2_task_005_01"", ""atten_dsr_VP019_gonogo2_rest_005_00"", ""atten_dsr_VP019_gonogo2_rest_005_01"", ""atten_dsr_VP019_gonogo2_task_006_00"", ""atten_dsr_VP019_gonogo2_task_006_01"", ""atten_dsr_VP019_gonogo2_rest_006_01"", ""atten_dsr_VP019_gonogo3_rest_001_01"", ""atten_dsr_VP019_gonogo3_task_002_00"", ""atten_dsr_VP019_gonogo3_task_002_01"", ""atten_dsr_VP019_gonogo3_rest_002_01"", ""atten_dsr_VP019_gonogo3_task_003_01"", ""atten_dsr_VP019_gonogo3_rest_003_01"", ""atten_dsr_VP019_gonogo3_task_004_01"", ""atten_dsr_VP019_gonogo3_rest_004_00"", ""atten_dsr_VP019_gonogo3_rest_004_01"", ""atten_dsr_VP019_gonogo3_task_005_00"", ""atten_dsr_VP019_gonogo3_task_005_01"", ""atten_dsr_VP019_gonogo3_rest_005_01"", ""atten_dsr_VP019_gonogo3_task_006_00"", ""atten_dsr_VP019_gonogo3_task_006_01"", ""atten_dsr_VP019_gonogo3_rest_006_00"", ""atten_dsr_VP019_gonogo3_rest_006_01""]",True,,0.8972214291776943,57,87,0.88,0.88,0.88,0.88,0.76
VP020,2023,pooled_refit,0.30,0.3055555555555556,22,50,"{""0"": 11, ""1"": 11}","{""0"": 25, ""1"": 25}","[""atten_dsr_VP020_gonogo1_task_002_00"", ""atten_dsr_VP020_gonogo1_task_003_00"", ""atten_dsr_VP020_gonogo1_task_004_00"", ""atten_dsr_VP020_gonogo1_task_004_01"", ""atten_dsr_VP020_gonogo1_rest_004_00"", ""atten_dsr_VP020_gonogo1_task_005_00"", ""atten_dsr_VP020_gonogo1_rest_006_01"", ""atten_dsr_VP020_gonogo2_task_001_00"", ""atten_dsr_VP020_gonogo2_rest_001_01"", ""atten_dsr_VP020_gonogo2_rest_002_00"", ""atten_dsr_VP020_gonogo2_rest_003_01"", ""atten_dsr_VP020_gonogo2_task_004_01"", ""atten_dsr_VP020_gonogo2_rest_004_00"", ""atten_dsr_VP020_gonogo2_rest_006_00"", ""atten_dsr_VP020_gonogo3_task_001_00"", ""atten_dsr_VP020_gonogo3_task_001_01"", ""atten_dsr_VP020_gonogo3_rest_001_00"", ""atten_dsr_VP020_gonogo3_rest_002_00"", ""atten_dsr_VP020_gonogo3_task_003_00"", ""atten_dsr_VP020_gonogo3_rest_003_00"", ""atten_dsr_VP020_gonogo3_task_004_00"", ""atten_dsr_VP020_gonogo3_rest_005_00""]","[""atten_dsr_VP020_gonogo1_task_001_00"", ""atten_dsr_VP020_gonogo1_task_001_01"", ""atten_dsr_VP020_gonogo1_rest_001_00"", ""atten_dsr_VP020_gonogo1_rest_001_01"", ""atten_dsr_VP020_gonogo1_task_002_01"", ""atten_dsr_VP020_gonogo1_rest_002_00"", ""atten_dsr_VP020_gonogo1_rest_002_01"", ""atten_dsr_VP020_gonogo1_task_003_01"", ""atten_dsr_VP020_gonogo1_rest_003_00"", ""atten_dsr_VP020_gonogo1_rest_003_01"", ""atten_dsr_VP020_gonogo1_rest_004_01"", ""atten_dsr_VP020_gonogo1_task_005_01"", ""atten_dsr_VP020_gonogo1_rest_005_00"", ""atten_dsr_VP020_gonogo1_rest_005_01"", ""atten_dsr_VP020_gonogo1_task_006_00"", ""atten_dsr_VP020_gonogo1_task_006_01"", ""atten_dsr_VP020_gonogo1_rest_006_00"", ""atten_dsr_VP020_gonogo2_task_001_01"", ""atten_dsr_VP020_gonogo2_rest_001_00"", ""atten_dsr_VP020_gonogo2_task_002_00"", ""atten_dsr_VP020_gonogo2_task_002_01"", ""atten_dsr_VP020_gonogo2_rest_002_01"", ""atten_dsr_VP020_gonogo2_task_003_00"", ""atten_dsr_VP020_gonogo2_task_003_01"", ""atten_dsr_VP020_gonogo2_rest_003_00"", ""atten_dsr_VP020_gonogo2_task_004_00"", ""atten_dsr_VP020_gonogo2_rest_004_01"", ""atten_dsr_VP020_gonogo2_task_005_00"", ""atten_dsr_VP020_gonogo2_task_005_01"", ""atten_dsr_VP020_gonogo2_rest_005_00"", ""atten_dsr_VP020_gonogo2_rest_005_01"", ""atten_dsr_VP020_gonogo2_task_006_00"", ""atten_dsr_VP020_gonogo2_task_006_01"", ""atten_dsr_VP020_gonogo2_rest_006_01"", ""atten_dsr_VP020_gonogo3_rest_001_01"", ""atten_dsr_VP020_gonogo3_task_002_00"", ""atten_dsr_VP020_gonogo3_task_002_01"", ""atten_dsr_VP020_gonogo3_rest_002_01"", ""atten_dsr_VP020_gonogo3_task_003_01"", ""atten_dsr_VP020_gonogo3_rest_003_01"", ""atten_dsr_VP020_gonogo3_task_004_01"", ""atten_dsr_VP020_gonogo3_rest_004_00"", ""atten_dsr_VP020_gonogo3_rest_004_01"", ""atten_dsr_VP020_gonogo3_task_005_00"", ""atten_dsr_VP020_gonogo3_task_005_01"", ""atten_dsr_VP020_gonogo3_rest_005_01"", ""atten_dsr_VP020_gonogo3_task_006_00"", ""atten_dsr_VP020_gonogo3_task_006_01"", ""atten_dsr_VP020_gonogo3_rest_006_00"", ""atten_dsr_VP020_gonogo3_rest_006_01""]",True,,0.8722182783419241,29,59,0.9,0.8996386993175431,0.9058441558441559,0.8999999999999999,0.8
VP021,2023,pooled_refit,0.30,0.3055555555555556,22,50,"{""0"": 11, ""1"": 11}","{""0"": 25, ""1"": 25}","[""atten_dsr_VP021_gonogo1_task_002_00"", ""atten_dsr_VP021_gonogo1_task_003_00"", ""atten_dsr_VP021_gonogo1_task_004_00"", ""atten_dsr_VP021_gonogo1_task_004_01"", ""atten_dsr_VP021_gonogo1_rest_004_00"", ""atten_dsr_VP021_gonogo1_task_005_00"", ""atten_dsr_VP021_gonogo1_rest_006_01"", ""atten_dsr_VP021_gonogo2_task_001_00"", ""atten_dsr_VP021_gonogo2_rest_001_01"", ""atten_dsr_VP021_gonogo2_rest_002_00"", ""atten_dsr_VP021_gonogo2_rest_003_01"", ""atten_dsr_VP021_gonogo2_task_004_01"", ""atten_dsr_VP021_gonogo2_rest_004_00"", ""atten_dsr_VP021_gonogo2_rest_006_00"", ""atten_dsr_VP021_gonogo3_task_001_00"", ""atten_dsr_VP021_gonogo3_task_001_01"", ""atten_dsr_VP021_gonogo3_rest_001_00"", ""atten_dsr_VP021_gonogo3_rest_002_00"", ""atten_dsr_VP021_gonogo3_task_003_00"", ""atten_dsr_VP021_gonogo3_rest_003_00"", ""atten_dsr_VP021_gonogo3_task_004_00"", ""atten_dsr_VP021_gonogo3_rest_005_00""]","[""atten_dsr_VP021_gonogo1_task_001_00"", ""atten_dsr_VP021_gonogo1_task_001_01"", ""atten_dsr_VP021_gonogo1_rest_001_00"", ""atten_dsr_VP021_gonogo1_rest_001_01"", ""atten_dsr_VP021_gonogo1_task_002_01"", ""atten_dsr_VP021_gonogo1_rest_002_00"", ""atten_dsr_VP021_gonogo1_rest_002_01"", ""atten_dsr_VP021_gonogo1_task_003_01"", ""atten_dsr_VP021_gonogo1_rest_003_00"", ""atten_dsr_VP021_gonogo1_rest_003_01"", ""atten_dsr_VP021_gonogo1_rest_004_01"", ""atten_dsr_VP021_gonogo1_task_005_01"", ""atten_dsr_VP021_gonogo1_rest_005_00"", ""atten_dsr_VP021_gonogo1_rest_005_01"", ""atten_dsr_VP021_gonogo1_task_006_00"", ""atten_dsr_VP021_gonogo1_task_006_01"", ""atten_dsr_VP021_gonogo1_rest_006_00"", ""atten_dsr_VP021_gonogo2_task_001_01"", ""atten_dsr_VP021_gonogo2_rest_001_00"", ""atten_dsr_VP021_gonogo2_task_002_00"", ""atten_dsr_VP021_gonogo2_task_002_01"", ""atten_dsr_VP021_gonogo2_rest_002_01"", ""atten_dsr_VP021_gonogo2_task_003_00"", ""atten_dsr_VP021_gonogo2_task_003_01"", ""atten_dsr_VP021_gonogo2_rest_003_00"", ""atten_dsr_VP021_gonogo2_task_004_00"", ""atten_dsr_VP021_gonogo2_rest_004_01"", ""atten_dsr_VP021_gonogo2_task_005_00"", ""atten_dsr_VP021_gonogo2_task_005_01"", ""atten_dsr_VP021_gonogo2_rest_005_00"", ""atten_dsr_VP021_gonogo2_rest_005_01"", ""atten_dsr_VP021_gonogo2_task_006_00"", ""atten_dsr_VP021_gonogo2_task_006_01"", ""atten_dsr_VP021_gonogo2_rest_006_01"", ""atten_dsr_VP021_gonogo3_rest_001_01"", ""atten_dsr_VP021_gonogo3_task_002_00"", ""atten_dsr_VP021_gonogo3_task_002_01"", ""atten_dsr_VP021_gonogo3_rest_002_01"", ""atten_dsr_VP021_gonogo3_task_003_01"", ""atten_dsr_VP021_gonogo3_rest_003_01"", ""atten_dsr_VP021_gonogo3_task_004_01"", ""atten_dsr_VP021_gonogo3_rest_004_00"", ""atten_dsr_VP021_gonogo3_rest_004_01"", ""atten_dsr_VP021_gonogo3_task_005_00"", ""atten_dsr_VP021_gonogo3_task_005_01"", ""atten_dsr_VP021_gonogo3_rest_005_01"", ""atten_dsr_VP021_gonogo3_task_006_00"", ""atten_dsr_VP021_gonogo3_task_006_01"", ""atten_dsr_VP021_gonogo3_rest_006_00"", ""atten_dsr_VP021_gonogo3_rest_006_01""]",True,,0.8305542481037662,37,67,0.88,0.8792270531400965,0.8899835796387521,0.88,0.76
VP022,2023,pooled_refit,0.30,0.3055555555555556,22,50,"{""0"": 11, ""1"": 11}","{""0"": 25, ""1"": 25}","[""atten_dsr_VP022_gonogo1_task_002_00"", ""atten_dsr_VP022_gonogo1_task_003_00"", ""atten_dsr_VP022_gonogo1_task_004_00"", ""atten_dsr_VP022_gonogo1_task_004_01"", ""atten_dsr_VP022_gonogo1_rest_004_00"", ""atten_dsr_VP022_gonogo1_task_005_00"", ""atten_dsr_VP022_gonogo1_rest_006_01"", ""atten_dsr_VP022_gonogo2_task_001_00"", ""atten_dsr_VP022_gonogo2_rest_001_01"", ""atten_dsr_VP022_gonogo2_rest_002_00"", ""atten_dsr_VP022_gonogo2_rest_003_01"", ""atten_dsr_VP022_gonogo2_task_004_01"", ""atten_dsr_VP022_gonogo2_rest_004_00"", ""atten_dsr_VP022_gonogo2_rest_006_00"", ""atten_dsr_VP022_gonogo3_task_001_00"", ""atten_dsr_VP022_gonogo3_task_001_01"", ""atten_dsr_VP022_gonogo3_rest_001_00"", ""atten_dsr_VP022_gonogo3_rest_002_00"", ""atten_dsr_VP022_gonogo3_task_003_00"", ""atten_dsr_VP022_gonogo3_rest_003_00"", ""atten_dsr_VP022_gonogo3_task_004_00"", ""atten_dsr_VP022_gonogo3_rest_005_00""]","[""atten_dsr_VP022_gonogo1_task_001_00"", ""atten_dsr_VP022_gonogo1_task_001_01"", ""atten_dsr_VP022_gonogo1_rest_001_00"", ""atten_dsr_VP022_gonogo1_rest_001_01"", ""atten_dsr_VP022_gonogo1_task_002_01"", ""atten_dsr_VP022_gonogo1_rest_002_00"", ""atten_dsr_VP022_gonogo1_rest_002_01"", ""atten_dsr_VP022_gonogo1_task_003_01"", ""atten_dsr_VP022_gonogo1_rest_003_00"", ""atten_dsr_VP022_gonogo1_rest_003_01"", ""atten_dsr_VP022_gonogo1_rest_004_01"", ""atten_dsr_VP022_gonogo1_task_005_01"", ""atten_dsr_VP022_gonogo1_rest_005_00"", ""atten_dsr_VP022_gonogo1_rest_005_01"", ""atten_dsr_VP022_gonogo1_task_006_00"", ""atten_dsr_VP022_gonogo1_task_006_01"", ""atten_dsr_VP022_gonogo1_rest_006_00"", ""atten_dsr_VP022_gonogo2_task_001_01"", ""atten_dsr_VP022_gonogo2_rest_001_00"", ""atten_dsr_VP022_gonogo2_task_002_00"", ""atten_dsr_VP022_gonogo2_task_002_01"", ""atten_dsr_VP022_gonogo2_rest_002_01"", ""atten_dsr_VP022_gonogo2_task_003_00"", ""atten_dsr_VP022_gonogo2_task_003_01"", ""atten_dsr_VP022_gonogo2_rest_003_00"", ""atten_dsr_VP022_gonogo2_task_004_00"", ""atten_dsr_VP022_gonogo2_rest_004_01"", ""atten_dsr_VP022_gonogo2_task_005_00"", ""atten_dsr_VP022_gonogo2_task_005_01"", ""atten_dsr_VP022_gonogo2_rest_005_00"", ""atten_dsr_VP022_gonogo2_rest_005_01"", ""atten_dsr_VP022_gonogo2_task_006_00"", ""atten_dsr_VP022_gonogo2_task_006_01"", ""atten_dsr_VP022_gonogo2_rest_006_01"", ""atten_dsr_VP022_gonogo3_rest_001_01"", ""atten_dsr_VP022_gonogo3_task_002_00"", ""atten_dsr_VP022_gonogo3_task_002_01"", ""atten_dsr_VP022_gonogo3_rest_002_01"", ""atten_dsr_VP022_gonogo3_task_003_01"", ""atten_dsr_VP022_gonogo3_rest_003_01"", ""atten_dsr_VP022_gonogo3_task_004_01"", ""atten_dsr_VP022_gonogo3_rest_004_00"", ""atten_dsr_VP022_gonogo3_rest_004_01"", ""atten_dsr_VP022_gonogo3_task_005_00"", ""atten_dsr_VP022_gonogo3_task_005_01"", ""atten_dsr_VP022_gonogo3_rest_005_01"", ""atten_dsr_VP022_gonogo3_task_006_00"", ""atten_dsr_VP022_gonogo3_task_006_01"", ""atten_dsr_VP022_gonogo3_rest_006_00"", ""atten_dsr_VP022_gonogo3_rest_006_01""]",True,,0.8749990354863849,45,75,0.78,0.7756017951856384,0.8038194444444444,0.78,0.56
VP023,2023,pooled_refit,0.30,0.3055555555555556,22,50,"{""0"": 11, ""1"": 11}","{""0"": 25, ""1"": 25}","[""atten_dsr_VP023_gonogo1_task_002_00"", ""atten_dsr_VP023_gonogo1_task_003_00"", ""atten_dsr_VP023_gonogo1_task_004_00"", ""atten_dsr_VP023_gonogo1_task_004_01"", ""atten_dsr_VP023_gonogo1_rest_004_00"", ""atten_dsr_VP023_gonogo1_task_005_00"", ""atten_dsr_VP023_gonogo1_rest_006_01"", ""atten_dsr_VP023_gonogo2_task_001_00"", ""atten_dsr_VP023_gonogo2_rest_001_01"", ""atten_dsr_VP023_gonogo2_rest_002_00"", ""atten_dsr_VP023_gonogo2_rest_003_01"", ""atten_dsr_VP023_gonogo2_task_004_01"", ""atten_dsr_VP023_gonogo2_rest_004_00"", ""atten_dsr_VP023_gonogo2_rest_006_00"", ""atten_dsr_VP023_gonogo3_task_001_00"", ""atten_dsr_VP023_gonogo3_task_001_01"", ""atten_dsr_VP023_gonogo3_rest_001_00"", ""atten_dsr_VP023_gonogo3_rest_002_00"", ""atten_dsr_VP023_gonogo3_task_003_00"", ""atten_dsr_VP023_gonogo3_rest_003_00"", ""atten_dsr_VP023_gonogo3_task_004_00"", ""atten_dsr_VP023_gonogo3_rest_005_00""]","[""atten_dsr_VP023_gonogo1_task_001_00"", ""atten_dsr_VP023_gonogo1_task_001_01"", ""atten_dsr_VP023_gonogo1_rest_001_00"", ""atten_dsr_VP023_gonogo1_rest_001_01"", ""atten_dsr_VP023_gonogo1_task_002_01"", ""atten_dsr_VP023_gonogo1_rest_002_00"", ""atten_dsr_VP023_gonogo1_rest_002_01"", ""atten_dsr_VP023_gonogo1_task_003_01"", ""atten_dsr_VP023_gonogo1_rest_003_00"", ""atten_dsr_VP023_gonogo1_rest_003_01"", ""atten_dsr_VP023_gonogo1_rest_004_01"", ""atten_dsr_VP023_gonogo1_task_005_01"", ""atten_dsr_VP023_gonogo1_rest_005_00"", ""atten_dsr_VP023_gonogo1_rest_005_01"", ""atten_dsr_VP023_gonogo1_task_006_00"", ""atten_dsr_VP023_gonogo1_task_006_01"", ""atten_dsr_VP023_gonogo1_rest_006_00"", ""atten_dsr_VP023_gonogo2_task_001_01"", ""atten_dsr_VP023_gonogo2_rest_001_00"", ""atten_dsr_VP023_gonogo2_task_002_00"", ""atten_dsr_VP023_gonogo2_task_002_01"", ""atten_dsr_VP023_gonogo2_rest_002_01"", ""atten_dsr_VP023_gonogo2_task_003_00"", ""atten_dsr_VP023_gonogo2_task_003_01"", ""atten_dsr_VP023_gonogo2_rest_003_00"", ""atten_dsr_VP023_gonogo2_task_004_00"", ""atten_dsr_VP023_gonogo2_rest_004_01"", ""atten_dsr_VP023_gonogo2_task_005_00"", ""atten_dsr_VP023_gonogo2_task_005_01"", ""atten_dsr_VP023_gonogo2_rest_005_00"", ""atten_dsr_VP023_gonogo2_rest_005_01"", ""atten_dsr_VP023_gonogo2_task_006_00"", ""atten_dsr_VP023_gonogo2_task_006_01"", ""atten_dsr_VP023_gonogo2_rest_006_01"", ""atten_dsr_VP023_gonogo3_rest_001_01"", ""atten_dsr_VP023_gonogo3_task_002_00"", ""atten_dsr_VP023_gonogo3_task_002_01"", ""atten_dsr_VP023_gonogo3_rest_002_01"", ""atten_dsr_VP023_gonogo3_task_003_01"", ""atten_dsr_VP023_gonogo3_rest_003_01"", ""atten_dsr_VP023_gonogo3_task_004_01"", ""atten_dsr_VP023_gonogo3_rest_004_00"", ""atten_dsr_VP023_gonogo3_rest_004_01"", ""atten_dsr_VP023_gonogo3_task_005_00"", ""atten_dsr_VP023_gonogo3_task_005_01"", ""atten_dsr_VP023_gonogo3_rest_005_01"", ""atten_dsr_VP023_gonogo3_task_006_00"", ""atten_dsr_VP023_gonogo3_task_006_01"", ""atten_dsr_VP023_gonogo3_rest_006_00"", ""atten_dsr_VP023_gonogo3_rest_006_01""]",True,,0.8694353774567678,15,45,0.84,0.84,0.84,0.84,0.6799999999999999
VP024,2023,pooled_refit,0.30,0.3055555555555556,22,50,"{""0"": 11, ""1"": 11}","{""0"": 25, ""1"": 25}","[""atten_dsr_VP024_gonogo1_task_002_00"", ""atten_dsr_VP024_gonogo1_task_003_00"", ""atten_dsr_VP024_gonogo1_task_004_00"", ""atten_dsr_VP024_gonogo1_task_004_01"", ""atten_dsr_VP024_gonogo1_rest_004_00"", ""atten_dsr_VP024_gonogo1_task_005_00"", ""atten_dsr_VP024_gonogo1_rest_006_01"", ""atten_dsr_VP024_gonogo2_task_001_00"", ""atten_dsr_VP024_gonogo2_rest_001_01"", ""atten_dsr_VP024_gonogo2_rest_002_00"", ""atten_dsr_VP024_gonogo2_rest_003_01"", ""atten_dsr_VP024_gonogo2_task_004_01"", ""atten_dsr_VP024_gonogo2_rest_004_00"", ""atten_dsr_VP024_gonogo2_rest_006_00"", ""atten_dsr_VP024_gonogo3_task_001_00"", ""atten_dsr_VP024_gonogo3_task_001_01"", ""atten_dsr_VP024_gonogo3_rest_001_00"", ""atten_dsr_VP024_gonogo3_rest_002_00"", ""atten_dsr_VP024_gonogo3_task_003_00"", ""atten_dsr_VP024_gonogo3_rest_003_00"", ""atten_dsr_VP024_gonogo3_task_004_00"", ""atten_dsr_VP024_gonogo3_rest_005_00""]","[""atten_dsr_VP024_gonogo1_task_001_00"", ""atten_dsr_VP024_gonogo1_task_001_01"", ""atten_dsr_VP024_gonogo1_rest_001_00"", ""atten_dsr_VP024_gonogo1_rest_001_01"", ""atten_dsr_VP024_gonogo1_task_002_01"", ""atten_dsr_VP024_gonogo1_rest_002_00"", ""atten_dsr_VP024_gonogo1_rest_002_01"", ""atten_dsr_VP024_gonogo1_task_003_01"", ""atten_dsr_VP024_gonogo1_rest_003_00"", ""atten_dsr_VP024_gonogo1_rest_003_01"", ""atten_dsr_VP024_gonogo1_rest_004_01"", ""atten_dsr_VP024_gonogo1_task_005_01"", ""atten_dsr_VP024_gonogo1_rest_005_00"", ""atten_dsr_VP024_gonogo1_rest_005_01"", ""atten_dsr_VP024_gonogo1_task_006_00"", ""atten_dsr_VP024_gonogo1_task_006_01"", ""atten_dsr_VP024_gonogo1_rest_006_00"", ""atten_dsr_VP024_gonogo2_task_001_01"", ""atten_dsr_VP024_gonogo2_rest_001_00"", ""atten_dsr_VP024_gonogo2_task_002_00"", ""atten_dsr_VP024_gonogo2_task_002_01"", ""atten_dsr_VP024_gonogo2_rest_002_01"", ""atten_dsr_VP024_gonogo2_task_003_00"", ""atten_dsr_VP024_gonogo2_task_003_01"", ""atten_dsr_VP024_gonogo2_rest_003_00"", ""atten_dsr_VP024_gonogo2_task_004_00"", ""atten_dsr_VP024_gonogo2_rest_004_01"", ""atten_dsr_VP024_gonogo2_task_005_00"", ""atten_dsr_VP024_gonogo2_task_005_01"", ""atten_dsr_VP024_gonogo2_rest_005_00"", ""atten_dsr_VP024_gonogo2_rest_005_01"", ""atten_dsr_VP024_gonogo2_task_006_00"", ""atten_dsr_VP024_gonogo2_task_006_01"", ""atten_dsr_VP024_gonogo2_rest_006_01"", ""atten_dsr_VP024_gonogo3_rest_001_01"", ""atten_dsr_VP024_gonogo3_task_002_00"", ""atten_dsr_VP024_gonogo3_task_002_01"", ""atten_dsr_VP024_gonogo3_rest_002_01"", ""atten_dsr_VP024_gonogo3_task_003_01"", ""atten_dsr_VP024_gonogo3_rest_003_01"", ""atten_dsr_VP024_gonogo3_task_004_01"", ""atten_dsr_VP024_gonogo3_rest_004_00"", ""atten_dsr_VP024_gonogo3_rest_004_01"", ""atten_dsr_VP024_gonogo3_task_005_00"", ""atten_dsr_VP024_gonogo3_task_005_01"", ""atten_dsr_VP024_gonogo3_rest_005_01"", ""atten_dsr_VP024_gonogo3_task_006_00"", ""atten_dsr_VP024_gonogo3_task_006_01"", ""atten_dsr_VP024_gonogo3_rest_006_00"", ""atten_dsr_VP024_gonogo3_rest_006_01""]",True,,0.8499953702274762,32,62,0.78,0.779205138498595,0.7840909090909092,0.78,0.56
VP025,2023,pooled_refit,0.30,0.3055555555555556,22,50,"{""0"": 11, ""1"": 11}","{""0"": 25, ""1"": 25}","[""atten_dsr_VP025_gonogo1_task_002_00"", ""atten_dsr_VP025_gonogo1_task_003_00"", ""atten_dsr_VP025_gonogo1_task_004_00"", ""atten_dsr_VP025_gonogo1_task_004_01"", ""atten_dsr_VP025_gonogo1_rest_004_00"", ""atten_dsr_VP025_gonogo1_task_005_00"", ""atten_dsr_VP025_gonogo1_rest_006_01"", ""atten_dsr_VP025_gonogo2_task_001_00"", ""atten_dsr_VP025_gonogo2_rest_001_01"", ""atten_dsr_VP025_gonogo2_rest_002_00"", ""atten_dsr_VP025_gonogo2_rest_003_01"", ""atten_dsr_VP025_gonogo2_task_004_01"", ""atten_dsr_VP025_gonogo2_rest_004_00"", ""atten_dsr_VP025_gonogo2_rest_006_00"", ""atten_dsr_VP025_gonogo3_task_001_00"", ""atten_dsr_VP025_gonogo3_task_001_01"", ""atten_dsr_VP025_gonogo3_rest_001_00"", ""atten_dsr_VP025_gonogo3_rest_002_00"", ""atten_dsr_VP025_gonogo3_task_003_00"", ""atten_dsr_VP025_gonogo3_rest_003_00"", ""atten_dsr_VP025_gonogo3_task_004_00"", ""atten_dsr_VP025_gonogo3_rest_005_00""]","[""atten_dsr_VP025_gonogo1_task_001_00"", ""atten_dsr_VP025_gonogo1_task_001_01"", ""atten_dsr_VP025_gonogo1_rest_001_00"", ""atten_dsr_VP025_gonogo1_rest_001_01"", ""atten_dsr_VP025_gonogo1_task_002_01"", ""atten_dsr_VP025_gonogo1_rest_002_00"", ""atten_dsr_VP025_gonogo1_rest_002_01"", ""atten_dsr_VP025_gonogo1_task_003_01"", ""atten_dsr_VP025_gonogo1_rest_003_00"", ""atten_dsr_VP025_gonogo1_rest_003_01"", ""atten_dsr_VP025_gonogo1_rest_004_01"", ""atten_dsr_VP025_gonogo1_task_005_01"", ""atten_dsr_VP025_gonogo1_rest_005_00"", ""atten_dsr_VP025_gonogo1_rest_005_01"", ""atten_dsr_VP025_gonogo1_task_006_00"", ""atten_dsr_VP025_gonogo1_task_006_01"", ""atten_dsr_VP025_gonogo1_rest_006_00"", ""atten_dsr_VP025_gonogo2_task_001_01"", ""atten_dsr_VP025_gonogo2_rest_001_00"", ""atten_dsr_VP025_gonogo2_task_002_00"", ""atten_dsr_VP025_gonogo2_task_002_01"", ""atten_dsr_VP025_gonogo2_rest_002_01"", ""atten_dsr_VP025_gonogo2_task_003_00"", ""atten_dsr_VP025_gonogo2_task_003_01"", ""atten_dsr_VP025_gonogo2_rest_003_00"", ""atten_dsr_VP025_gonogo2_task_004_00"", ""atten_dsr_VP025_gonogo2_rest_004_01"", ""atten_dsr_VP025_gonogo2_task_005_00"", ""atten_dsr_VP025_gonogo2_task_005_01"", ""atten_dsr_VP025_gonogo2_rest_005_00"", ""atten_dsr_VP025_gonogo2_rest_005_01"", ""atten_dsr_VP025_gonogo2_task_006_00"", ""atten_dsr_VP025_gonogo2_task_006_01"", ""atten_dsr_VP025_gonogo2_rest_006_01"", ""atten_dsr_VP025_gonogo3_rest_001_01"", ""atten_dsr_VP025_gonogo3_task_002_00"", ""atten_dsr_VP025_gonogo3_task_002_01"", ""atten_dsr_VP025_gonogo3_rest_002_01"", ""atten_dsr_VP025_gonogo3_task_003_01"", ""atten_dsr_VP025_gonogo3_rest_003_01"", ""atten_dsr_VP025_gonogo3_task_004_01"", ""atten_dsr_VP025_gonogo3_rest_004_00"", ""atten_dsr_VP025_gonogo3_rest_004_01"", ""atten_dsr_VP025_gonogo3_task_005_00"", ""atten_dsr_VP025_gonogo3_task_005_01"", ""atten_dsr_VP025_gonogo3_rest_005_01"", ""atten_dsr_VP025_gonogo3_task_006_00"", ""atten_dsr_VP025_gonogo3_task_006_01"", ""atten_dsr_VP025_gonogo3_rest_006_00"", ""atten_dsr_VP025_gonogo3_rest_006_01""]",True,,0.8943629343629345,62,92,0.88,0.8792270531400965,0.8899835796387521,0.88,0.76
VP026,2023,pooled_refit,0.30,0.3055555555555556,22,50,"{""0"": 11, ""1"": 11}","{""0"": 25, ""1"": 25}","[""atten_dsr_VP026_gonogo1_task_002_00"", ""atten_dsr_VP026_gonogo1_task_003_00"", ""atten_dsr_VP026_gonogo1_task_004_00"", ""atten_dsr_VP026_gonogo1_task_004_01"", ""atten_dsr_VP026_gonogo1_rest_004_00"", ""atten_dsr_VP026_gonogo1_task_005_00"", ""atten_dsr_VP026_gonogo1_rest_006_01"", ""atten_dsr_VP026_gonogo2_task_001_00"", ""atten_dsr_VP026_gonogo2_rest_001_01"", ""atten_dsr_VP026_gonogo2_rest_002_00"", ""atten_dsr_VP026_gonogo2_rest_003_01"", ""atten_dsr_VP026_gonogo2_task_004_01"", ""atten_dsr_VP026_gonogo2_rest_004_00"", ""atten_dsr_VP026_gonogo2_rest_006_00"", ""atten_dsr_VP026_gonogo3_task_001_00"", ""atten_dsr_VP026_gonogo3_task_001_01"", ""atten_dsr_VP026_gonogo3_rest_001_00"", ""atten_dsr_VP026_gonogo3_rest_002_00"", ""atten_dsr_VP026_gonogo3_task_003_00"", ""atten_dsr_VP026_gonogo3_rest_003_00"", ""atten_dsr_VP026_gonogo3_task_004_00"", ""atten_dsr_VP026_gonogo3_rest_005_00""]","[""atten_dsr_VP026_gonogo1_task_001_00"", ""atten_dsr_VP026_gonogo1_task_001_01"", ""atten_dsr_VP026_gonogo1_rest_001_00"", ""atten_dsr_VP026_gonogo1_rest_001_01"", ""atten_dsr_VP026_gonogo1_task_002_01"", ""atten_dsr_VP026_gonogo1_rest_002_00"", ""atten_dsr_VP026_gonogo1_rest_002_01"", ""atten_dsr_VP026_gonogo1_task_003_01"", ""atten_dsr_VP026_gonogo1_rest_003_00"", ""atten_dsr_VP026_gonogo1_rest_003_01"", ""atten_dsr_VP026_gonogo1_rest_004_01"", ""atten_dsr_VP026_gonogo1_task_005_01"", ""atten_dsr_VP026_gonogo1_rest_005_00"", ""atten_dsr_VP026_gonogo1_rest_005_01"", ""atten_dsr_VP026_gonogo1_task_006_00"", ""atten_dsr_VP026_gonogo1_task_006_01"", ""atten_dsr_VP026_gonogo1_rest_006_00"", ""atten_dsr_VP026_gonogo2_task_001_01"", ""atten_dsr_VP026_gonogo2_rest_001_00"", ""atten_dsr_VP026_gonogo2_task_002_00"", ""atten_dsr_VP026_gonogo2_task_002_01"", ""atten_dsr_VP026_gonogo2_rest_002_01"", ""atten_dsr_VP026_gonogo2_task_003_00"", ""atten_dsr_VP026_gonogo2_task_003_01"", ""atten_dsr_VP026_gonogo2_rest_003_00"", ""atten_dsr_VP026_gonogo2_task_004_00"", ""atten_dsr_VP026_gonogo2_rest_004_01"", ""atten_dsr_VP026_gonogo2_task_005_00"", ""atten_dsr_VP026_gonogo2_task_005_01"", ""atten_dsr_VP026_gonogo2_rest_005_00"", ""atten_dsr_VP026_gonogo2_rest_005_01"", ""atten_dsr_VP026_gonogo2_task_006_00"", ""atten_dsr_VP026_gonogo2_task_006_01"", ""atten_dsr_VP026_gonogo2_rest_006_01"", ""atten_dsr_VP026_gonogo3_rest_001_01"", ""atten_dsr_VP026_gonogo3_task_002_00"", ""atten_dsr_VP026_gonogo3_task_002_01"", ""atten_dsr_VP026_gonogo3_rest_002_01"", ""atten_dsr_VP026_gonogo3_task_003_01"", ""atten_dsr_VP026_gonogo3_rest_003_01"", ""atten_dsr_VP026_gonogo3_task_004_01"", ""atten_dsr_VP026_gonogo3_rest_004_00"", ""atten_dsr_VP026_gonogo3_rest_004_01"", ""atten_dsr_VP026_gonogo3_task_005_00"", ""atten_dsr_VP026_gonogo3_task_005_01"", ""atten_dsr_VP026_gonogo3_rest_005_01"", ""atten_dsr_VP026_gonogo3_task_006_00"", ""atten_dsr_VP026_gonogo3_task_006_01"", ""atten_dsr_VP026_gonogo3_rest_006_00"", ""atten_dsr_VP026_gonogo3_rest_006_01""]",True,,0.8610939622175577,41,71,0.88,0.8792270531400965,0.8899835796387521,0.88,0.76
