channel,subject,best_params,validation_f1_macro,accuracy,f1_macro,precision_macro,recall_macro,kappa
Fz,B61,"{""C"": 0.1, ""gamma"": ""scale""}",0.5859284017471087,0.6375,0.6374433505235193,0.6375859912445279,0.6375,0.275
FCz,B61,"{""C"": 0.1, ""gamma"": ""scale""}",0.5685417938365214,0.6625,0.6625,0.6625,0.6625,0.32499999999999996
Cz,B61,"{""C"": 0.1, ""gamma"": ""scale""}",0.5685435413430255,0.7125,0.7113725490196079,0.7158730158730159,0.7125,0.42500000000000004
CPz,B61,"{""C"": 0.42813323987193935, ""gamma"": ""scale""}",0.5630373018728021,0.675,0.6731615336266499,0.6790281329923273,0.675,0.35
Pz,B61,"{""C"": 33.59818286283781, ""gamma"": ""auto""}",0.5711672584636753,0.58125,0.5808406647116324,0.5815686274509804,0.58125,0.16249999999999998
C1,B61,"{""C"": 0.1, ""gamma"": ""scale""}",0.5512458741641442,0.6125,0.6115288220551378,0.6136363636363636,0.6125,0.22499999999999998
C3,B61,"{""C"": 0.42813323987193935, ""gamma"": ""scale""}",0.5206766917293233,0.55625,0.5553990059097491,0.5566839867737364,0.5562499999999999,0.11250000000000004
C5,B61,"{""C"": 69.51927961775606, ""gamma"": ""auto""}",0.537337345160408,0.55,0.5465281058101086,0.551579626047711,0.55,0.09999999999999998
C2,B61,"{""C"": 1.8329807108324356, ""gamma"": ""scale""}",0.62181590873574,0.63125,0.6279802955665024,0.6360323886639676,0.63125,0.26249999999999996
C4,B61,"{""C"": 2.636650898730358, ""gamma"": ""auto""}",0.6280923128009297,0.76875,0.7680159880873074,0.772194967558158,0.76875,0.5375
C6,B61,"{""C"": 16.23776739188721, ""gamma"": ""auto""}",0.6530707923112986,0.775,0.7744360902255639,0.7777777777777778,0.7749999999999999,0.55
F4,B61,"{""C"": 0.8858667904100825, ""gamma"": ""auto""}",0.6364740331599925,0.6625,0.6624472573839661,0.6626016260162602,0.6625000000000001,0.32499999999999996
FC2,B61,"{""C"": 0.14384498882876628, ""gamma"": ""scale""}",0.6107236641221374,0.66875,0.6671768907727933,0.6720019111323459,0.66875,0.3375
FC4,B61,"{""C"": 0.6158482110660264, ""gamma"": ""auto""}",0.6279942167168144,0.74375,0.7425330664468778,0.7484472049689441,0.74375,0.48750000000000004
FC6,B61,"{""C"": 1.2742749857031335, ""gamma"": ""auto""}",0.6624175824175824,0.7875,0.784776072163317,0.8028308097432522,0.7875000000000001,0.575
CP2,B61,"{""C"": 23.357214690901213, ""gamma"": ""auto""}",0.5937142912951334,0.64375,0.6436247118127467,0.6439524331090596,0.64375,0.2875
CP4,B61,"{""C"": 1.2742749857031335, ""gamma"": ""auto""}",0.6108225330236716,0.725,0.7246127366609294,0.7262727844123193,0.725,0.44999999999999996
CP6,B61,"{""C"": 0.42813323987193935, ""gamma"": ""auto""}",0.6312355951404351,0.78125,0.7811730686569498,0.781646064778595,0.78125,0.5625
P4,B61,"{""C"": 7.847599703514611, ""gamma"": ""auto""}",0.624985350990273,0.6875,0.6843434343434344,0.6953125,0.6875,0.375
F3,B61,"{""C"": 0.42813323987193935, ""gamma"": ""scale""}",0.5499956054258341,0.53125,0.5270935960591133,0.5323886639676113,0.53125,0.0625
FC1,B61,"{""C"": 0.42813323987193935, ""gamma"": ""scale""}",0.5590261828203951,0.5375,0.5368486934751995,0.5377121307353865,0.5375,0.07499999999999996
FC3,B61,"{""C"": 0.1, ""gamma"": ""scale""}",0.5279345420862137,0.5625,0.5301225037758013,0.5862812769628991,0.5625,0.125
FC5,B61,"{""C"": 100.0, ""gamma"": ""auto""}",0.5728858804461817,0.56875,0.5679229775742632,0.5692804282790112,0.5687500000000001,0.13749999999999996
CP1,B61,"{""C"": 0.6158482110660264, ""gamma"": ""scale""}",0.5535003953381916,0.625,0.6228786926461345,0.6278772378516624,0.625,0.25
CP3,B61,"{""C"": 23.357214690901213, ""gamma"": ""auto""}",0.5437098963776112,0.56875,0.5673811669736275,0.5696312707706916,0.56875,0.13749999999999996
CP5,B61,"{""C"": 16.23776739188721, ""gamma"": ""auto""}",0.5669496183206106,0.6,0.589151019098058,0.6118099231306778,0.6,0.19999999999999996
P3,B61,"{""C"": 2.636650898730358, ""gamma"": ""scale""}",0.5981539709414112,0.59375,0.5879393002892349,0.5993541977148535,0.59375,0.1875
Fz,B62,"{""C"": 0.20691380811147897, ""gamma"": ""scale""}",0.5916404079669386,0.4875,0.41595441595441596,0.47549019607843135,0.48750000000000004,-0.02499999999999991
FCz,B62,"{""C"": 0.1, ""gamma"": ""auto""}",0.5934773918396277,0.50625,0.48699216688989,0.5073542930685788,0.50625,0.012499999999999956
Cz,B62,"{""C"": 2.636650898730358, ""gamma"": ""auto""}",0.5921387079997362,0.51875,0.5132551064754455,0.5196367206676484,0.51875,0.03749999999999998
CPz,B62,"{""C"": 1.2742749857031335, ""gamma"": ""auto""}",0.5806603035518698,0.5875,0.57955088389871,0.594658553076403,0.5875,0.17500000000000004
Pz,B62,"{""C"": 1.2742749857031335, ""gamma"": ""auto""}",0.5825832061068702,0.6,0.5977372721558768,0.6023017902813299,0.6000000000000001,0.19999999999999996
C1,B62,"{""C"": 0.8858667904100825, ""gamma"": ""auto""}",0.5645363408521303,0.5125,0.49473684210526314,0.5145454545454545,0.5125,0.025000000000000022
C3,B62,"{""C"": 1.8329807108324356, ""gamma"": ""auto""}",0.5624829094886519,0.49375,0.486508974206585,0.49337638681900975,0.49375,-0.012499999999999956
C5,B62,"{""C"": 1.8329807108324356, ""gamma"": ""scale""}",0.534334072330576,0.5125,0.5121951219512195,0.512531328320802,0.5125,0.025000000000000022
C2,B62,"{""C"": 1.8329807108324356, ""gamma"": ""auto""}",0.6482923862628869,0.59375,0.5799507249888929,0.6079330814894766,0.59375,0.1875
C4,B62,"{""C"": 1.8329807108324356, ""gamma"": ""auto""}",0.6560854315053102,0.5875,0.57955088389871,0.594658553076403,0.5875,0.17500000000000004
C6,B62,"{""C"": 1.2742749857031335, ""gamma"": ""auto""}",0.6714868154753175,0.575,0.5615731785944552,0.5854700854700855,0.575,0.15000000000000002
F4,B62,"{""C"": 7.847599703514611, ""gamma"": ""auto""}",0.6265178207353908,0.575,0.5695521443266339,0.5789993416721527,0.575,0.15000000000000002
FC2,B62,"{""C"": 2.636650898730358, ""gamma"": ""auto""}",0.6187351068401109,0.5375,0.5328282828282829,0.5390625,0.5375,0.07499999999999996
FC4,B62,"{""C"": 23.357214690901213, ""gamma"": ""auto""}",0.6437360834407594,0.61875,0.6132968818098974,0.6258486504388143,0.61875,0.23750000000000004
FC6,B62,"{""C"": 7.847599703514611, ""gamma"": ""auto""}",0.6796804617288954,0.65625,0.6476476476476476,0.6731601731601732,0.65625,0.3125
CP2,B62,"{""C"": 0.1, ""gamma"": ""auto""}",0.6040833791796565,0.55,0.5454545454545454,0.5520833333333333,0.55,0.09999999999999998
CP4,B62,"{""C"": 0.1, ""gamma"": ""scale""}",0.6160391796755433,0.6125,0.6050326485109094,0.6217038539553752,0.6125,0.22499999999999998
CP6,B62,"{""C"": 23.357214690901213, ""gamma"": ""auto""}",0.6342464147551874,0.63125,0.6168675676772596,0.6544401544401545,0.63125,0.26249999999999996
P4,B62,"{""C"": 0.42813323987193935, ""gamma"": ""scale""}",0.6195529353967084,0.64375,0.6396823515467582,0.6505481917853052,0.64375,0.2875
F3,B62,"{""C"": 0.14384498882876628, ""gamma"": ""scale""}",0.5414152009632645,0.48125,0.38606629374508805,0.4506375976964212,0.48125,-0.03750000000000009
FC1,B62,"{""C"": 1.8329807108324356, ""gamma"": ""auto""}",0.5542946786596585,0.4875,0.4793650793650793,0.4866666666666667,0.48750000000000004,-0.02499999999999991
FC3,B62,"{""C"": 0.8858667904100825, ""gamma"": ""auto""}",0.5419607843137255,0.43125,0.4285490011381922,0.42992514731645165,0.43125,-0.13749999999999996
FC5,B62,"{""C"": 2.636650898730358, ""gamma"": ""auto""}",0.5703114509556908,0.5375,0.5268542199488491,0.5412087912087913,0.5375,0.07499999999999996
CP1,B62,"{""C"": 0.8858667904100825, ""gamma"": ""auto""}",0.5842288304482044,0.54375,0.530376743999035,0.5493740081114442,0.54375,0.08750000000000002
CP3,B62,"{""C"": 23.357214690901213, ""gamma"": ""auto""}",0.5578114204380382,0.5625,0.5591245473153834,0.564474532559639,0.5625,0.125
CP5,B62,"{""C"": 7.847599703514611, ""gamma"": ""auto""}",0.565013299953059,0.59375,0.5933528836754643,0.5941176470588235,0.59375,0.1875
P3,B62,"{""C"": 2.636650898730358, ""gamma"": ""scale""}",0.6124848626899488,0.6,0.5994367078704428,0.6005656819610308,0.6,0.19999999999999996
Fz,B63,"{""C"": 0.14384498882876628, ""gamma"": ""scale""}",0.5828033330810491,0.55,0.5396419437340154,0.554945054945055,0.55,0.09999999999999998
FCz,B63,"{""C"": 0.1, ""gamma"": ""auto""}",0.5824444884285223,0.575,0.5744015021123454,0.5754242614707731,0.575,0.15000000000000002
Cz,B63,"{""C"": 0.20691380811147897, ""gamma"": ""scale""}",0.5777126099706745,0.56875,0.5683284457478006,0.5690196078431373,0.56875,0.13749999999999996
CPz,B63,"{""C"": 0.6158482110660264, ""gamma"": ""auto""}",0.5748175495625357,0.5375,0.5348837209302326,0.5383631713554987,0.5375000000000001,0.07499999999999996
Pz,B63,"{""C"": 0.42813323987193935, ""gamma"": ""auto""}",0.5873690610145641,0.50625,0.5057673509286412,0.5062745098039216,0.50625,0.012499999999999956
C1,B63,"{""C"": 0.42813323987193935, ""gamma"": ""scale""}",0.5503670647791614,0.51875,0.5155518854940819,0.5192585459797785,0.51875,0.03749999999999998
C3,B63,"{""C"": 0.6158482110660264, ""gamma"": ""scale""}",0.5137954198473282,0.475,0.4629156010230179,0.4725274725274725,0.475,-0.050000000000000044
C5,B63,"{""C"": 1.8329807108324356, ""gamma"": ""scale""}",0.5403377110694184,0.44375,0.44355437458481495,0.443670787044281,0.44375,-0.11250000000000004
C2,B63,"{""C"": 0.42813323987193935, ""gamma"": ""auto""}",0.6135634156417835,0.55,0.5493662963542482,0.5502828409805154,0.55,0.09999999999999998
C4,B63,"{""C"": 0.29763514416313175, ""gamma"": ""auto""}",0.634199958964739,0.575,0.5747342088805503,0.575187969924812,0.575,0.15000000000000002
C6,B63,"{""C"": 5.455594781168517, ""gamma"": ""auto""}",0.6842639990621703,0.65,0.6499453039537428,0.650093808630394,0.6499999999999999,0.30000000000000004
F4,B63,"{""C"": 0.14384498882876628, ""gamma"": ""scale""}",0.6401189172273509,0.61875,0.616216428768039,0.621970791205264,0.6187499999999999,0.23750000000000004
FC2,B63,"{""C"": 0.42813323987193935, ""gamma"": ""scale""}",0.607466541556401,0.5875,0.5858823529411765,0.5888888888888888,0.5875,0.17500000000000004
FC4,B63,"{""C"": 0.29763514416313175, ""gamma"": ""auto""}",0.6457541439711587,0.60625,0.6062346185397867,0.6062666041568996,0.60625,0.21250000000000002
FC6,B63,"{""C"": 5.455594781168517, ""gamma"": ""auto""}",0.6812375483417321,0.61875,0.6175398722520475,0.6202721949675583,0.61875,0.23750000000000004
CP2,B63,"{""C"": 5.455594781168517, ""gamma"": ""auto""}",0.5996833432695785,0.55625,0.5562326653384897,0.5562587904360057,0.55625,0.11250000000000004
CP4,B63,"{""C"": 1.8329807108324356, ""gamma"": ""auto""}",0.6327900872856009,0.56875,0.568733153638814,0.5687607438662291,0.56875,0.13749999999999996
CP6,B63,"{""C"": 3.79269019073225, ""gamma"": ""auto""}",0.6592552069086788,0.56875,0.5679229775742632,0.5692804282790112,0.5687500000000001,0.13749999999999996
P4,B63,"{""C"": 1.8329807108324356, ""gamma"": ""scale""}",0.6156212463012334,0.60625,0.6058651026392962,0.6066666666666667,0.60625,0.21250000000000002
F3,B63,"{""C"": 0.20691380811147897, ""gamma"": ""scale""}",0.5371338656554501,0.50625,0.4638388123011665,0.5091428571428571,0.50625,0.012499999999999956
FC1,B63,"{""C"": 0.42813323987193935, ""gamma"": ""scale""}",0.536613048412978,0.575,0.5733333333333333,0.5761904761904761,0.575,0.15000000000000002
FC3,B63,"{""C"": 0.8858667904100825, ""gamma"": ""scale""}",0.520255108643368,0.51875,0.5185807510452893,0.518776404318573,0.51875,0.03749999999999998
FC5,B63,"{""C"": 16.23776739188721, ""gamma"": ""auto""}",0.5728858804461817,0.5,0.4996873045653534,0.5,0.5,0.0
CP1,B63,"{""C"": 0.42813323987193935, ""gamma"": ""auto""}",0.579661844595007,0.54375,0.538540555489708,0.5458190148911799,0.54375,0.08750000000000002
CP3,B63,"{""C"": 5.455594781168517, ""gamma"": ""auto""}",0.5577250383987067,0.525,0.5140664961636829,0.5274725274725275,0.525,0.050000000000000044
CP5,B63,"{""C"": 7.847599703514611, ""gamma"": ""auto""}",0.5509825922639346,0.55,0.5413282369804109,0.5540906017579446,0.55,0.09999999999999998
P3,B63,"{""C"": 69.51927961775606, ""gamma"": ""auto""}",0.6140615577674751,0.575,0.5717209888206582,0.5773694390715667,0.575,0.15000000000000002
Fz,B64,"{""C"": 0.6158482110660264, ""gamma"": ""scale""}",0.5687120938363723,0.55,0.5465281058101086,0.551579626047711,0.55,0.09999999999999998
FCz,B64,"{""C"": 0.1, ""gamma"": ""scale""}",0.5578114204380382,0.5,0.4996873045653534,0.5,0.5,0.0
Cz,B64,"{""C"": 0.1, ""gamma"": ""scale""}",0.5515351278764573,0.5,0.4949494949494949,0.5,0.5,0.0
CPz,B64,"{""C"": 5.455594781168517, ""gamma"": ""auto""}",0.5749958495688434,0.55625,0.5558162267839688,0.5564705882352942,0.55625,0.11250000000000004
Pz,B64,"{""C"": 0.42813323987193935, ""gamma"": ""auto""}",0.5815610651974288,0.5625,0.5622263914946841,0.56265664160401,0.5625,0.125
C1,B64,"{""C"": 0.1, ""gamma"": ""scale""}",0.543388813416863,0.475,0.4230769230769231,0.4609375,0.475,-0.050000000000000044
C3,B64,"{""C"": 0.20691380811147897, ""gamma"": ""scale""}",0.5270935960591133,0.5125,0.41964285714285715,0.5347222222222222,0.5125,0.025000000000000022
C5,B64,"{""C"": 0.14384498882876628, ""gamma"": ""scale""}",0.5296312302985464,0.5,0.35431799838579503,0.5,0.5,0.0
C2,B64,"{""C"": 0.1, ""gamma"": ""scale""}",0.5982717478647196,0.53125,0.5312316887378413,0.5312548835755586,0.53125,0.0625
C4,B64,"{""C"": 0.14384498882876628, ""gamma"": ""scale""}",0.6582265086095518,0.56875,0.5649261083743843,0.571255060728745,0.56875,0.13749999999999996
C6,B64,"{""C"": 16.23776739188721, ""gamma"": ""auto""}",0.6621700879765395,0.55,0.5454545454545454,0.5520833333333333,0.55,0.09999999999999998
F4,B64,"{""C"": 0.6158482110660264, ""gamma"": ""scale""}",0.6062346185397867,0.58125,0.5808406647116324,0.5815686274509804,0.58125,0.16249999999999998
FC2,B64,"{""C"": 0.1, ""gamma"": ""scale""}",0.6108605461529257,0.54375,0.5435895431987808,0.5438116100766703,0.54375,0.08750000000000002
FC4,B64,"{""C"": 0.1, ""gamma"": ""scale""}",0.6302003081664098,0.56875,0.5649261083743843,0.571255060728745,0.56875,0.13749999999999996
FC6,B64,"{""C"": 0.6158482110660264, ""gamma"": ""auto""}",0.6665027559026223,0.525,0.5247029393370857,0.525062656641604,0.525,0.050000000000000044
CP2,B64,"{""C"": 0.20691380811147897, ""gamma"": ""auto""}",0.6006877916973716,0.53125,0.531085147122035,0.5312940071976217,0.53125,0.0625
CP4,B64,"{""C"": 2.636650898730358, ""gamma"": ""auto""}",0.602985424563323,0.56875,0.5683284457478006,0.5690196078431373,0.56875,0.13749999999999996
CP6,B64,"{""C"": 0.8858667904100825, ""gamma"": ""auto""}",0.6607975458624287,0.5125,0.5105882352941176,0.5126984126984127,0.5125,0.025000000000000022
P4,B64,"{""C"": 5.455594781168517, ""gamma"": ""auto""}",0.6451660963630014,0.54375,0.5423018143344175,0.5443108086722583,0.54375,0.08750000000000002
F3,B64,"{""C"": 0.6158482110660264, ""gamma"": ""scale""}",0.5433040078201369,0.4875,0.47762382544991244,0.48647734956051386,0.4875,-0.02499999999999991
FC1,B64,"{""C"": 0.14384498882876628, ""gamma"": ""scale""}",0.559375,0.5,0.4842037395228885,0.5,0.5,0.0
FC3,B64,"{""C"": 0.1, ""gamma"": ""scale""}",0.5575002870677798,0.53125,0.4631112701892533,0.5634719136781974,0.53125,0.0625
FC5,B64,"{""C"": 0.1, ""gamma"": ""scale""}",0.5631655816752659,0.5125,0.3798449612403101,0.5865800865800865,0.5125,0.025000000000000022
CP1,B64,"{""C"": 0.14384498882876628, ""gamma"": ""scale""}",0.5532038236201049,0.50625,0.4285455942854559,0.513703323055841,0.50625,0.012499999999999956
CP3,B64,"{""C"": 0.1, ""gamma"": ""scale""}",0.5506049832585573,0.5,0.3639435499900616,0.5,0.5,0.0
CP5,B64,"{""C"": 48.32930238571752, ""gamma"": ""auto""}",0.5651111176292298,0.4875,0.48621553884711777,0.48737373737373735,0.4875,-0.02499999999999991
P3,B64,"{""C"": 3.79269019073225, ""gamma"": ""auto""}",0.5984286764113469,0.53125,0.5270935960591133,0.5323886639676113,0.53125,0.0625
Fz,B65,"{""C"": 0.1, ""gamma"": ""scale""}",0.5893256005329363,0.54375,0.53722413724791,0.5463652922669315,0.54375,0.08750000000000002
FCz,B65,"{""C"": 0.1, ""gamma"": ""scale""}",0.5901406935930151,0.56875,0.5470769230769231,0.585024154589372,0.56875,0.13749999999999996
Cz,B65,"{""C"": 0.1, ""gamma"": ""scale""}",0.578426691153964,0.575,0.5435475750964927,0.6035375323554789,0.575,0.15000000000000002
CPz,B65,"{""C"": 0.1, ""gamma"": ""scale""}",0.5777815382427021,0.6,0.5873629916183107,0.613960113960114,0.6,0.19999999999999996
Pz,B65,"{""C"": 0.42813323987193935, ""gamma"": ""auto""}",0.5732030534351145,0.5875,0.5843174303259329,0.5902643455834946,0.5875,0.17500000000000004
C1,B65,"{""C"": 0.14384498882876628, ""gamma"": ""scale""}",0.5391414141414141,0.56875,0.5443852915686517,0.5874577618763666,0.5687500000000001,0.13749999999999996
C3,B65,"{""C"": 0.1, ""gamma"": ""scale""}",0.5213093596926055,0.46875,0.45545545545545546,0.4653679653679653,0.46875,-0.0625
C5,B65,"{""C"": 0.14384498882876628, ""gamma"": ""scale""}",0.5374593470129211,0.46875,0.464039408866995,0.4676113360323887,0.46875,-0.0625
C2,B65,"{""C"": 0.14384498882876628, ""gamma"": ""scale""}",0.5982717478647196,0.7,0.6961544548188004,0.7106649111257406,0.7,0.4
C4,B65,"{""C"": 0.20691380811147897, ""gamma"": ""scale""}",0.6169172096523181,0.675,0.6731615336266499,0.6790281329923273,0.675,0.35
C6,B65,"{""C"": 5.455594781168517, ""gamma"": ""auto""}",0.6559139784946236,0.7875,0.7874667916862009,0.7876797998749219,0.7875000000000001,0.575
F4,B65,"{""C"": 0.14384498882876628, ""gamma"": ""scale""}",0.62707249953482,0.66875,0.6671768907727933,0.6720019111323459,0.66875,0.3375
FC2,B65,"{""C"": 0.20691380811147897, ""gamma"": ""scale""}",0.5977215307517529,0.63125,0.627039627039627,0.6374570446735395,0.6312500000000001,0.26249999999999996
FC4,B65,"{""C"": 0.42813323987193935, ""gamma"": ""scale""}",0.6075355902968647,0.7,0.6992481203007519,0.702020202020202,0.7,0.4
FC6,B65,"{""C"": 5.455594781168517, ""gamma"": ""auto""}",0.6421446901606882,0.8,0.7999687451164245,0.800187617260788,0.8,0.6
CP2,B65,"{""C"": 0.42813323987193935, ""gamma"": ""auto""}",0.596875,0.6625,0.6559961777353083,0.6757944557133198,0.6625000000000001,0.32499999999999996
CP4,B65,"{""C"": 0.20691380811147897, ""gamma"": ""scale""}",0.6043387849154161,0.7125,0.7124550711048601,0.7126328955597248,0.7124999999999999,0.42500000000000004
CP6,B65,"{""C"": 1.2742749857031335, ""gamma"": ""auto""}",0.6372732958098812,0.7375,0.7373358348968104,0.7380952380952381,0.7375,0.475
P4,B65,"{""C"": 2.636650898730358, ""gamma"": ""auto""}",0.6312355951404351,0.65625,0.6551589012108625,0.6582528881152081,0.65625,0.3125
F3,B65,"{""C"": 0.29763514416313175, ""gamma"": ""scale""}",0.5545559112921542,0.46875,0.4670637564167875,0.46834942237695837,0.46875,-0.0625
FC1,B65,"{""C"": 0.14384498882876628, ""gamma"": ""scale""}",0.5458771715194519,0.5375,0.5128373930217248,0.5470219435736677,0.5375,0.07499999999999996
FC3,B65,"{""C"": 0.29763514416313175, ""gamma"": ""scale""}",0.545178141003568,0.45625,0.45571847507331376,0.456078431372549,0.45625,-0.08749999999999991
FC5,B65,"{""C"": 0.29763514416313175, ""gamma"": ""scale""}",0.5756912997634303,0.56875,0.5611908263444493,0.5738378922638027,0.56875,0.13749999999999996
CP1,B65,"{""C"": 0.42813323987193935, ""gamma"": ""auto""}",0.542745289943724,0.5875,0.574468085106383,0.5997150997150997,0.5874999999999999,0.17500000000000004
CP3,B65,"{""C"": 100.0, ""gamma"": ""scale""}",0.53125,0.49375,0.48796965746118287,0.4934544264441172,0.49375,-0.012499999999999956
CP5,B65,"{""C"": 0.8858667904100825, ""gamma"": ""scale""}",0.545178141003568,0.49375,0.4830680866339595,0.49318685062169987,0.49374999999999997,-0.012499999999999956
P3,B65,"{""C"": 7.847599703514611, ""gamma"": ""auto""}",0.5748505333906451,0.6125,0.6035805626598465,0.6236263736263736,0.6125,0.22499999999999998
Fz,B66,"{""C"": 0.14384498882876628, ""gamma"": ""scale""}",0.571875,0.6375,0.6260477111540941,0.6566951566951567,0.6375,0.275
FCz,B66,"{""C"": 0.14384498882876628, ""gamma"": ""scale""}",0.55296784025634,0.6375,0.634703196347032,0.6418439716312057,0.6375,0.275
Cz,B66,"{""C"": 0.42813323987193935, ""gamma"": ""scale""}",0.5528455284552845,0.625,0.6212121212121212,0.6302083333333333,0.625,0.25
CPz,B66,"{""C"": 0.1, ""gamma"": ""scale""}",0.5421595556369407,0.58125,0.5486505831333417,0.6142606020654802,0.58125,0.16249999999999998
Pz,B66,"{""C"": 0.1, ""gamma"": ""scale""}",0.5545994202955173,0.6125,0.5941744395352643,0.6372997711670481,0.6125,0.22499999999999998
C1,B66,"{""C"": 0.14384498882876628, ""gamma"": ""scale""}",0.5163266653785669,0.58125,0.5452810180275716,0.6188571428571429,0.58125,0.16249999999999998
C3,B66,"{""C"": 1.2742749857031335, ""gamma"": ""scale""}",0.5121140746097987,0.53125,0.5076923076923077,0.538647342995169,0.53125,0.0625
C5,B66,"{""C"": 5.455594781168517, ""gamma"": ""auto""}",0.5472365512159174,0.50625,0.5046827853756025,0.5063301155246083,0.50625,0.012499999999999956
C2,B66,"{""C"": 0.8858667904100825, ""gamma"": ""scale""}",0.5791439627839665,0.675,0.6749492108141897,0.6751094434021263,0.675,0.35
C4,B66,"{""C"": 0.20691380811147897, ""gamma"": ""auto""}",0.6067791278361055,0.71875,0.7186510882732211,0.7190580503833516,0.71875,0.4375
C6,B66,"{""C"": 1.8329807108324356, ""gamma"": ""auto""}",0.6312175874832748,0.65,0.6444444444444444,0.6599999999999999,0.65,0.30000000000000004
F4,B66,"{""C"": 0.8858667904100825, ""gamma"": ""scale""}",0.5859284017471087,0.6625,0.660590823381521,0.6662404092071611,0.6625000000000001,0.32499999999999996
FC2,B66,"{""C"": 1.8329807108324356, ""gamma"": ""auto""}",0.584542298197126,0.6625,0.6598960793575814,0.6676337846550613,0.6625,0.32499999999999996
FC4,B66,"{""C"": 5.455594781168517, ""gamma"": ""auto""}",0.5980832716334465,0.6875,0.685088962368131,0.6934235976789168,0.6875,0.375
FC6,B66,"{""C"": 11.288378916846883, ""gamma"": ""auto""}",0.64375,0.66875,0.6640120448512223,0.6788375558867362,0.66875,0.3375
CP2,B66,"{""C"": 0.42813323987193935, ""gamma"": ""scale""}",0.5762635257786866,0.6375,0.6305144131231089,0.6487491548343476,0.6375,0.275
CP4,B66,"{""C"": 0.1, ""gamma"": ""auto""}",0.5817003703694636,0.68125,0.6756627846893756,0.6946635341500251,0.68125,0.36250000000000004
CP6,B66,"{""C"": 3.79269019073225, ""gamma"": ""auto""}",0.6217420186784417,0.64375,0.6426192248912574,0.6455926570659914,0.64375,0.2875
P4,B66,"{""C"": 1.2742749857031335, ""gamma"": ""auto""}",0.6073897922323594,0.6125,0.6075328374742839,0.618499012508229,0.6125,0.22499999999999998
F3,B66,"{""C"": 48.32930238571752, ""gamma"": ""auto""}",0.5331184258519899,0.4875,0.4368131868131868,0.48046875,0.4875,-0.02499999999999991
FC1,B66,"{""C"": 0.1, ""gamma"": ""scale""}",0.5323089556871534,0.58125,0.5338927779468673,0.6368781258225849,0.58125,0.16249999999999998
FC3,B66,"{""C"": 5.455594781168517, ""gamma"": ""auto""}",0.5145583557621727,0.55,0.5413282369804109,0.5540906017579446,0.55,0.09999999999999998
FC5,B66,"{""C"": 1.8329807108324356, ""gamma"": ""auto""}",0.5585299988258776,0.6125,0.6095103133364824,0.61605415860735,0.6125,0.22499999999999998
CP1,B66,"{""C"": 0.1, ""gamma"": ""scale""}",0.5431074949147239,0.575,0.5156695156695157,0.6470588235294117,0.5750000000000001,0.15000000000000002
CP3,B66,"{""C"": 48.32930238571752, ""gamma"": ""auto""}",0.527749381617429,0.61875,0.6075750874512484,0.6340151648739198,0.61875,0.23750000000000004
CP5,B66,"{""C"": 3.79269019073225, ""gamma"": ""scale""}",0.5460060271613636,0.5875,0.585166561910748,0.5895140664961637,0.5874999999999999,0.17500000000000004
P3,B66,"{""C"": 1.2742749857031335, ""gamma"": ""scale""}",0.570303058416811,0.6875,0.6857322438717788,0.6918158567774936,0.6875,0.375
Fz,B67,"{""C"": 0.20691380811147897, ""gamma"": ""scale""}",0.5718373685187175,0.75625,0.7519774235859931,0.7752139620741735,0.75625,0.5125
FCz,B67,"{""C"": 0.1, ""gamma"": ""scale""}",0.5542075330128385,0.73125,0.7255793546328427,0.7520865269971044,0.73125,0.4625
Cz,B67,"{""C"": 0.20691380811147897, ""gamma"": ""auto""}",0.5657514164586552,0.68125,0.6756627846893756,0.6946635341500251,0.68125,0.36250000000000004
CPz,B67,"{""C"": 2.636650898730358, ""gamma"": ""auto""}",0.5624957274973388,0.64375,0.6437360834407594,0.64377246444757,0.64375,0.2875
Pz,B67,"{""C"": 0.29763514416313175, ""gamma"": ""auto""}",0.5600341521532248,0.65625,0.6551589012108625,0.6582528881152081,0.65625,0.3125
C1,B67,"{""C"": 0.20691380811147897, ""gamma"": ""auto""}",0.5331184258519899,0.55625,0.5562326653384897,0.5562587904360057,0.55625,0.11250000000000004
C3,B67,"{""C"": 48.32930238571752, ""gamma"": ""auto""}",0.5528455284552845,0.51875,0.5132551064754455,0.5196367206676484,0.51875,0.03749999999999998
C5,B67,"{""C"": 0.6158482110660264, ""gamma"": ""scale""}",0.5302177636408123,0.54375,0.5234792542123945,0.5527207682169084,0.54375,0.08750000000000002
C2,B67,"{""C"": 0.14384498882876628, ""gamma"": ""scale""}",0.5999960937118527,0.8,0.7988686360779385,0.8069053708439897,0.8,0.6
C4,B67,"{""C"": 0.20691380811147897, ""gamma"": ""scale""}",0.6107236641221374,0.81875,0.8178892421209623,0.8248924988055423,0.81875,0.6375
C6,B67,"{""C"": 5.455594781168517, ""gamma"": ""auto""}",0.632804431738002,0.81875,0.8186862568871869,0.8191988734157409,0.8187500000000001,0.6375
F4,B67,"{""C"": 1.8329807108324356, ""gamma"": ""scale""}",0.6140540197416446,0.825,0.8247535596933188,0.8268384663733501,0.825,0.65
FC2,B67,"{""C"": 0.29763514416313175, ""gamma"": ""scale""}",0.5880960945969425,0.78125,0.7797963115882192,0.7888781896966779,0.78125,0.5625
FC4,B67,"{""C"": 0.42813323987193935, ""gamma"": ""auto""}",0.6156212463012334,0.81875,0.818572825024438,0.8200000000000001,0.81875,0.6375
FC6,B67,"{""C"": 7.847599703514611, ""gamma"": ""auto""}",0.646871551479995,0.84375,0.8437438962459471,0.8438037193311454,0.84375,0.6875
CP2,B67,"{""C"": 2.636650898730358, ""gamma"": ""auto""}",0.5825832061068702,0.65625,0.6559139784946236,0.6568627450980392,0.65625,0.3125
CP4,B67,"{""C"": 0.20691380811147897, ""gamma"": ""scale""}",0.6046865348792355,0.7625,0.7623514696685428,0.763157894736842,0.7625,0.525
CP6,B67,"{""C"": 1.2742749857031335, ""gamma"": ""auto""}",0.6046865348792355,0.80625,0.8060606060606061,0.8074509803921568,0.80625,0.6125
P4,B67,"{""C"": 0.8858667904100825, ""gamma"": ""scale""}",0.6156212463012334,0.7625,0.762462884825754,0.7626641651031896,0.7625,0.525
F3,B67,"{""C"": 0.42813323987193935, ""gamma"": ""scale""}",0.5317410433689503,0.5375,0.509852624606723,0.5484261501210654,0.5375,0.07499999999999996
FC1,B67,"{""C"": 0.20691380811147897, ""gamma"": ""scale""}",0.5374819328880034,0.65,0.6419437340153453,0.6648351648351649,0.65,0.30000000000000004
FC3,B67,"{""C"": 3.79269019073225, ""gamma"": ""auto""}",0.5337192927554373,0.54375,0.5437321770381656,0.5437568370057821,0.54375,0.08750000000000002
FC5,B67,"{""C"": 33.59818286283781, ""gamma"": ""auto""}",0.5581279196168876,0.64375,0.6405911330049261,0.6489878542510121,0.64375,0.2875
CP1,B67,"{""C"": 3.79269019073225, ""gamma"": ""auto""}",0.5421595556369407,0.56875,0.568733153638814,0.5687607438662291,0.56875,0.13749999999999996
CP3,B67,"{""C"": 0.8858667904100825, ""gamma"": ""scale""}",0.5638825589659796,0.49375,0.49325513196480936,0.4937254901960785,0.49375,-0.012499999999999956
CP5,B67,"{""C"": 0.6158482110660264, ""gamma"": ""scale""}",0.5685983353522723,0.5,0.5,0.5,0.5,0.0
P3,B67,"{""C"": 0.6158482110660264, ""gamma"": ""auto""}",0.5749842554995479,0.61875,0.616216428768039,0.621970791205264,0.6187499999999999,0.23750000000000004
Fz,B68,"{""C"": 0.14384498882876628, ""gamma"": ""scale""}",0.5905610251601813,0.5,0.4864387738725726,0.5,0.5,0.0
FCz,B68,"{""C"": 1.2742749857031335, ""gamma"": ""scale""}",0.574933583372402,0.5375,0.5375,0.5375,0.5375,0.07499999999999996
Cz,B68,"{""C"": 1.8329807108324356, ""gamma"": ""auto""}",0.5788227292854714,0.55625,0.5523152709359607,0.5582995951417005,0.55625,0.11250000000000004
CPz,B68,"{""C"": 7.847599703514611, ""gamma"": ""auto""}",0.5717704517704518,0.5125,0.5087387812942843,0.5128949065119277,0.5125,0.025000000000000022
Pz,B68,"{""C"": 11.288378916846883, ""gamma"": ""auto""}",0.5701855284397979,0.49375,0.4937302238368686,0.49374902328488823,0.49375,-0.012499999999999956
C1,B68,"{""C"": 2.636650898730358, ""gamma"": ""auto""}",0.5537712931091425,0.5,0.4903647077560121,0.5,0.5,0.0
C3,B68,"{""C"": 11.288378916846883, ""gamma"": ""auto""}",0.5483481840891387,0.5,0.4999218627910611,0.5,0.5,0.0
C5,B68,"{""C"": 69.51927961775606, ""gamma"": ""auto""}",0.5440923605993613,0.51875,0.5085955885285789,0.5204394481349004,0.51875,0.03749999999999998
C2,B68,"{""C"": 5.455594781168517, ""gamma"": ""auto""}",0.5999374902328489,0.575,0.5695521443266339,0.5789993416721527,0.575,0.15000000000000002
C4,B68,"{""C"": 48.32930238571752, ""gamma"": ""auto""}",0.6421796377361807,0.5625,0.5607843137254902,0.5634920634920635,0.5625,0.125
C6,B68,"{""C"": 3.79269019073225, ""gamma"": ""auto""}",0.646871551479995,0.60625,0.6043800777110562,0.6082974996018474,0.60625,0.21250000000000002
F4,B68,"{""C"": 0.1, ""gamma"": ""scale""}",0.6198214979795683,0.53125,0.5153277596025687,0.5359776938298255,0.53125,0.0625
FC2,B68,"{""C"": 0.42813323987193935, ""gamma"": ""auto""}",0.6109803921568627,0.5375,0.5285873546743112,0.5405679513184585,0.5375000000000001,0.07499999999999996
FC4,B68,"{""C"": 100.0, ""gamma"": ""auto""}",0.6404002501563477,0.53125,0.531085147122035,0.5312940071976217,0.53125,0.0625
FC6,B68,"{""C"": 7.847599703514611, ""gamma"": ""scale""}",0.6541597897181979,0.51875,0.5187312004375171,0.5187529301453352,0.51875,0.03749999999999998
CP2,B68,"{""C"": 3.79269019073225, ""gamma"": ""auto""}",0.5749958495688434,0.525,0.5223130106851037,0.5255754475703325,0.525,0.050000000000000044
CP4,B68,"{""C"": 0.42813323987193935, ""gamma"": ""auto""}",0.6115288220551378,0.575,0.5733333333333333,0.5761904761904761,0.575,0.15000000000000002
CP6,B68,"{""C"": 3.79269019073225, ""gamma"": ""scale""}",0.6248681176976281,0.6125,0.6122576610381488,0.612781954887218,0.6125,0.22499999999999998
P4,B68,"{""C"": 0.6158482110660264, ""gamma"": ""scale""}",0.6091307066916822,0.6125,0.6125,0.6125,0.6125,0.22499999999999998
F3,B68,"{""C"": 0.14384498882876628, ""gamma"": ""scale""}",0.5609558685631373,0.525,0.4689028651292802,0.5432900432900433,0.525,0.050000000000000044
FC1,B68,"{""C"": 0.8858667904100825, ""gamma"": ""scale""}",0.5608506565018961,0.49375,0.4937302238368686,0.49374902328488823,0.49375,-0.012499999999999956
FC3,B68,"{""C"": 0.8858667904100825, ""gamma"": ""scale""}",0.5421595556369407,0.46875,0.46872924723622017,0.4687451164244413,0.46875,-0.0625
FC5,B68,"{""C"": 2.636650898730358, ""gamma"": ""auto""}",0.5945909590066305,0.53125,0.5303510625807208,0.5314911037631869,0.53125,0.0625
CP1,B68,"{""C"": 3.79269019073225, ""gamma"": ""auto""}",0.5608849691491413,0.50625,0.5057673509286412,0.5062745098039216,0.50625,0.012499999999999956
CP3,B68,"{""C"": 7.847599703514611, ""gamma"": ""auto""}",0.5573359012022221,0.50625,0.5029688175848374,0.5064195153265929,0.50625,0.012499999999999956
CP5,B68,"{""C"": 0.29763514416313175, ""gamma"": ""auto""}",0.5600341521532248,0.54375,0.5397044334975369,0.5453441295546559,0.54375,0.08750000000000002
P3,B68,"{""C"": 2.636650898730358, ""gamma"": ""scale""}",0.5905890166127883,0.56875,0.5683284457478006,0.5690196078431373,0.56875,0.13749999999999996
Fz,B69,"{""C"": 48.32930238571752, ""gamma"": ""auto""}",0.5717704517704518,0.5375,0.5348837209302326,0.5383631713554987,0.5375000000000001,0.07499999999999996
FCz,B69,"{""C"": 1.2742749857031335, ""gamma"": ""scale""}",0.5808406647116324,0.4875,0.4846008799497172,0.48721227621483376,0.4875,-0.02499999999999991
Cz,B69,"{""C"": 100.0, ""gamma"": ""auto""}",0.5701855284397979,0.4875,0.48717948717948717,0.487468671679198,0.4875,-0.02499999999999991
CPz,B69,"{""C"": 11.288378916846883, ""gamma"": ""auto""}",0.5888928781650632,0.4375,0.4371482176360225,0.43734335839599,0.4375,-0.125
Pz,B69,"{""C"": 23.357214690901213, ""gamma"": ""auto""}",0.5790451739103857,0.45,0.447843137254902,0.44920634920634916,0.44999999999999996,-0.10000000000000009
C1,B69,"{""C"": 2.636650898730358, ""gamma"": ""auto""}",0.5483834736089035,0.45,0.44862155388471175,0.4494949494949495,0.45,-0.10000000000000009
C3,B69,"{""C"": 5.455594781168517, ""gamma"": ""auto""}",0.5343568108129224,0.5375,0.5356862745098039,0.5380952380952381,0.5375,0.07499999999999996
C5,B69,"{""C"": 5.455594781168517, ""gamma"": ""auto""}",0.5493662963542482,0.5125,0.5075757575757576,0.5130208333333333,0.5125,0.025000000000000022
C2,B69,"{""C"": 48.32930238571752, ""gamma"": ""auto""}",0.617074379882729,0.475,0.4729411764705882,0.4746031746031746,0.475,-0.050000000000000044
C4,B69,"{""C"": 48.32930238571752, ""gamma"": ""auto""}",0.6359295004040617,0.50625,0.5053031192516927,0.5062982207526374,0.5062500000000001,0.012499999999999956
C6,B69,"{""C"": 48.32930238571752, ""gamma"": ""auto""}",0.646871551479995,0.53125,0.5312316887378413,0.5312548835755586,0.53125,0.0625
F4,B69,"{""C"": 2.636650898730358, ""gamma"": ""auto""}",0.63434286216562,0.45,0.4499140490701672,0.44996873045653535,0.45,-0.10000000000000009
FC2,B69,"{""C"": 7.847599703514611, ""gamma"": ""auto""}",0.620103816793893,0.4625,0.4617430762009075,0.46228786926461346,0.4625,-0.07499999999999996
FC4,B69,"{""C"": 3.79269019073225, ""gamma"": ""auto""}",0.6421656595251175,0.48125,0.4802551759226644,0.48110533774208786,0.48125,-0.03750000000000009
FC6,B69,"{""C"": 1.2742749857031335, ""gamma"": ""auto""}",0.6671476812411641,0.51875,0.5187312004375171,0.5187529301453352,0.51875,0.03749999999999998
CP2,B69,"{""C"": 7.847599703514611, ""gamma"": ""auto""}",0.6046865348792355,0.4625,0.4617430762009075,0.46228786926461346,0.4625,-0.07499999999999996
CP4,B69,"{""C"": 48.32930238571752, ""gamma"": ""auto""}",0.6122576610381488,0.48125,0.48106756281505214,0.48122359568142703,0.48125,-0.03750000000000009
CP6,B69,"{""C"": 69.51927961775606, ""gamma"": ""auto""}",0.628034188034188,0.53125,0.5312316887378413,0.5312548835755586,0.53125,0.0625
P4,B69,"{""C"": 1.2742749857031335, ""gamma"": ""scale""}",0.617074379882729,0.5625,0.5600251414204902,0.5639386189258312,0.5625,0.125
F3,B69,"{""C"": 2.636650898730358, ""gamma"": ""scale""}",0.5484275777543941,0.5125,0.5118134877171022,0.5125707102451289,0.5125,0.025000000000000022
FC1,B69,"{""C"": 100.0, ""gamma"": ""auto""}",0.5421863822909725,0.5,0.5,0.5,0.5,0.0
FC3,B69,"{""C"": 0.8858667904100825, ""gamma"": ""auto""}",0.5342584027135369,0.5625,0.5618838992332968,0.5628535512256443,0.5625,0.125
FC5,B69,"{""C"": 3.79269019073225, ""gamma"": ""auto""}",0.584375,0.58125,0.5784672250403051,0.5834536992457069,0.58125,0.16249999999999998
CP1,B69,"{""C"": 23.357214690901213, ""gamma"": ""scale""}",0.5796372124594984,0.46875,0.46856316673830645,0.46870599280237835,0.46875,-0.0625
CP3,B69,"{""C"": 0.1, ""gamma"": ""scale""}",0.5610522356689307,0.53125,0.5303510625807208,0.5314911037631869,0.53125,0.0625
CP5,B69,"{""C"": 2.636650898730358, ""gamma"": ""scale""}",0.5859122260880181,0.5125,0.5118134877171022,0.5125707102451289,0.5125,0.025000000000000022
P3,B69,"{""C"": 100.0, ""gamma"": ""auto""}",0.6119543107494915,0.4625,0.46241600250039067,0.46247654784240155,0.4625,-0.07499999999999996
Fz,B70,"{""C"": 0.20691380811147897, ""gamma"": ""scale""}",0.541169076052797,0.475,0.4501718213058419,0.469488939740656,0.475,-0.050000000000000044
FCz,B70,"{""C"": 0.14384498882876628, ""gamma"": ""auto""}",0.5629620248764002,0.46875,0.45545545545545546,0.4653679653679653,0.46875,-0.0625
Cz,B70,"{""C"": 0.6158482110660264, ""gamma"": ""auto""}",0.5600251414204902,0.5,0.497171590194846,0.5,0.5,0.0
CPz,B70,"{""C"": 0.1, ""gamma"": ""scale""}",0.570360352414273,0.5125,0.5125,0.5125,0.5125,0.025000000000000022
Pz,B70,"{""C"": 5.455594781168517, ""gamma"": ""auto""}",0.5712721013925833,0.53125,0.5230335068961405,0.5335626783017284,0.53125,0.0625
C1,B70,"{""C"": 0.29763514416313175, ""gamma"": ""scale""}",0.526681883739272,0.46875,0.46773120425815035,0.4685088962368131,0.46875,-0.0625
C3,B70,"{""C"": 0.6158482110660264, ""gamma"": ""auto""}",0.5242174499551985,0.45625,0.45520723259363627,0.4559124547315383,0.45625,-0.08749999999999991
C5,B70,"{""C"": 0.42813323987193935, ""gamma"": ""scale""}",0.5273449345110583,0.49375,0.49277914758717856,0.4937017792473626,0.49375,-0.012499999999999956
C2,B70,"{""C"": 0.14384498882876628, ""gamma"": ""scale""}",0.6086258854839341,0.51875,0.5155518854940819,0.5192585459797785,0.51875,0.03749999999999998
C4,B70,"{""C"": 1.8329807108324356, ""gamma"": ""auto""}",0.6386734741261955,0.55,0.549929676511955,0.5500312695434647,0.55,0.09999999999999998
C6,B70,"{""C"": 0.8858667904100825, ""gamma"": ""auto""}",0.6480585786943462,0.54375,0.5435895431987808,0.5438116100766703,0.54375,0.08750000000000002
F4,B70,"{""C"": 0.42813323987193935, ""gamma"": ""auto""}",0.6021611846712154,0.5625,0.5624316299421784,0.5625390869293309,0.5625,0.125
FC2,B70,"{""C"": 0.20691380811147897, ""gamma"": ""scale""}",0.5822167250738679,0.5375,0.5328282828282829,0.5390625,0.5375,0.07499999999999996
FC4,B70,"{""C"": 0.29763514416313175, ""gamma"": ""auto""}",0.6193003370778265,0.58125,0.5808406647116324,0.5815686274509804,0.58125,0.16249999999999998
FC6,B70,"{""C"": 7.847599703514611, ""gamma"": ""auto""}",0.6543828911711738,0.55625,0.5558162267839688,0.5564705882352942,0.55625,0.11250000000000004
CP2,B70,"{""C"": 11.288378916846883, ""gamma"": ""auto""}",0.6009536035209976,0.5125,0.5031055900621118,0.5135226504394861,0.5125,0.025000000000000022
CP4,B70,"{""C"": 5.455594781168517, ""gamma"": ""auto""}",0.6088249100297293,0.5375,0.5363408521303259,0.5378787878787878,0.5375,0.07499999999999996
CP6,B70,"{""C"": 69.51927961775606, ""gamma"": ""auto""}",0.6312355951404351,0.55,0.549718574108818,0.550125313283208,0.55,0.09999999999999998
P4,B70,"{""C"": 7.847599703514611, ""gamma"": ""auto""}",0.635680448363225,0.58125,0.5649174073623118,0.5956058098915242,0.58125,0.16249999999999998
F3,B70,"{""C"": 0.14384498882876628, ""gamma"": ""scale""}",0.5257183806139345,0.525,0.5189112201297673,0.5263331138907176,0.5249999999999999,0.050000000000000044
FC1,B70,"{""C"": 0.14384498882876628, ""gamma"": ""scale""}",0.5273449345110583,0.4625,0.4625,0.4625,0.4625,-0.07499999999999996
FC3,B70,"{""C"": 69.51927961775606, ""gamma"": ""scale""}",0.5084341121678212,0.48125,0.4807429130009775,0.4811764705882353,0.48124999999999996,-0.03750000000000009
FC5,B70,"{""C"": 33.59818286283781, ""gamma"": ""auto""}",0.5685983353522723,0.55,0.5488721804511278,0.5505050505050505,0.55,0.09999999999999998
CP1,B70,"{""C"": 0.14384498882876628, ""gamma"": ""auto""}",0.54857165249422,0.5,0.49614233978900957,0.5,0.5,0.0
CP3,B70,"{""C"": 16.23776739188721, ""gamma"": ""auto""}",0.5481186677123263,0.5375,0.5374277230817315,0.5375234521575984,0.5375000000000001,0.07499999999999996
CP5,B70,"{""C"": 69.51927961775606, ""gamma"": ""auto""}",0.563285241555405,0.60625,0.6058651026392962,0.6066666666666667,0.60625,0.21250000000000002
P3,B70,"{""C"": 7.847599703514611, ""gamma"": ""auto""}",0.5764373752988554,0.5875,0.5872420262664164,0.5877192982456141,0.5875,0.17500000000000004
Fz,B71,"{""C"": 0.14384498882876628, ""gamma"": ""scale""}",0.5799208432932325,0.5375,0.5206477732793522,0.5436363636363637,0.5375,0.07499999999999996
FCz,B71,"{""C"": 0.1, ""gamma"": ""auto""}",0.5847587589949275,0.51875,0.5118665557272475,0.5198708395429708,0.51875,0.03749999999999998
Cz,B71,"{""C"": 1.8329807108324356, ""gamma"": ""auto""}",0.5821749495690445,0.55,0.5488721804511278,0.5505050505050505,0.55,0.09999999999999998
CPz,B71,"{""C"": 1.8329807108324356, ""gamma"": ""auto""}",0.5875,0.51875,0.5178270909162068,0.5188946622579121,0.51875,0.03749999999999998
Pz,B71,"{""C"": 16.23776739188721, ""gamma"": ""auto""}",0.5874355368026254,0.56875,0.568733153638814,0.5687607438662291,0.56875,0.13749999999999996
C1,B71,"{""C"": 0.20691380811147897, ""gamma"": ""auto""}",0.5513725490196079,0.49375,0.4935719588917979,0.49374119856047566,0.49374999999999997,-0.012499999999999956
C3,B71,"{""C"": 16.23776739188721, ""gamma"": ""auto""}",0.5416940602553042,0.5375,0.5363408521303259,0.5378787878787878,0.5375,0.07499999999999996
C5,B71,"{""C"": 0.6158482110660264, ""gamma"": ""scale""}",0.5451248195666669,0.5,0.47635411552937323,0.5,0.5,0.0
C2,B71,"{""C"": 1.2742749857031335, ""gamma"": ""auto""}",0.6108909513100933,0.58125,0.581102731429018,0.5813644187138163,0.58125,0.16249999999999998
C4,B71,"{""C"": 0.6158482110660264, ""gamma"": ""auto""}",0.6370711485251127,0.58125,0.5808406647116324,0.5815686274509804,0.58125,0.16249999999999998
C6,B71,"{""C"": 5.455594781168517, ""gamma"": ""auto""}",0.6515616493204328,0.60625,0.6054948925678056,0.6070697527948354,0.60625,0.21250000000000002
F4,B71,"{""C"": 2.636650898730358, ""gamma"": ""auto""}",0.6154898206400687,0.5875,0.5833333333333333,0.5911458333333333,0.5875,0.17500000000000004
FC2,B71,"{""C"": 0.42813323987193935, ""gamma"": ""auto""}",0.6102438177322431,0.5875,0.5858823529411765,0.5888888888888888,0.5875,0.17500000000000004
FC4,B71,"{""C"": 0.42813323987193935, ""gamma"": ""auto""}",0.6248204707330656,0.5625,0.5600251414204902,0.5639386189258312,0.5625,0.125
FC6,B71,"{""C"": 2.636650898730358, ""gamma"": ""auto""}",0.6560854315053102,0.6625,0.6616541353383458,0.6641414141414141,0.6625000000000001,0.32499999999999996
CP2,B71,"{""C"": 0.14384498882876628, ""gamma"": ""auto""}",0.6055000135069094,0.51875,0.5178270909162068,0.5188946622579121,0.51875,0.03749999999999998
CP4,B71,"{""C"": 0.8858667904100825, ""gamma"": ""auto""}",0.6280668854508518,0.5375,0.5368486934751995,0.5377121307353865,0.5375,0.07499999999999996
CP6,B71,"{""C"": 2.636650898730358, ""gamma"": ""auto""}",0.641801842315579,0.54375,0.5428750342452351,0.5440875452684617,0.54375,0.08750000000000002
P4,B71,"{""C"": 0.6158482110660264, ""gamma"": ""scale""}",0.6227661047127333,0.5125,0.5075757575757576,0.5130208333333333,0.5125,0.025000000000000022
F3,B71,"{""C"": 1.8329807108324356, ""gamma"": ""scale""}",0.5397440413291066,0.4875,0.48677828195900485,0.48742928975487115,0.48750000000000004,-0.02499999999999991
FC1,B71,"{""C"": 3.79269019073225, ""gamma"": ""auto""}",0.5596204468931743,0.5375,0.5372107567229518,0.5375939849624061,0.5375,0.07499999999999996
FC3,B71,"{""C"": 69.51927961775606, ""gamma"": ""auto""}",0.5498910750124363,0.475,0.4729411764705882,0.4746031746031746,0.475,-0.050000000000000044
FC5,B71,"{""C"": 0.6158482110660264, ""gamma"": ""scale""}",0.5779766324098315,0.54375,0.53722413724791,0.5463652922669315,0.54375,0.08750000000000002
CP1,B71,"{""C"": 2.636650898730358, ""gamma"": ""auto""}",0.574933583372402,0.54375,0.5323323323323323,0.5484848484848485,0.54375,0.08750000000000002
CP3,B71,"{""C"": 23.357214690901213, ""gamma"": ""auto""}",0.5546342213790224,0.56875,0.5519298672835748,0.5808972237543666,0.56875,0.13749999999999996
CP5,B71,"{""C"": 33.59818286283781, ""gamma"": ""auto""}",0.588619583096058,0.58125,0.5724143432651271,0.5885709419179015,0.58125,0.16249999999999998
P3,B71,"{""C"": 16.23776739188721, ""gamma"": ""auto""}",0.5873549294673909,0.5875,0.585166561910748,0.5895140664961637,0.5874999999999999,0.17500000000000004
Fz,B72,"{""C"": 2.636650898730358, ""gamma"": ""auto""}",0.5483834736089035,0.4875,0.4809305269821174,0.4868334430546412,0.4875,-0.02499999999999991
FCz,B72,"{""C"": 3.79269019073225, ""gamma"": ""auto""}",0.535609841905055,0.50625,0.49759529393060137,0.5067125356603457,0.50625,0.012499999999999956
Cz,B72,"{""C"": 0.42813323987193935, ""gamma"": ""auto""}",0.5388235294117647,0.51875,0.5132551064754455,0.5196367206676484,0.51875,0.03749999999999998
CPz,B72,"{""C"": 16.23776739188721, ""gamma"": ""auto""}",0.5514299878626254,0.51875,0.510314400413371,0.5201376069810371,0.51875,0.03749999999999998
Pz,B72,"{""C"": 5.455594781168517, ""gamma"": ""auto""}",0.5671779897507514,0.50625,0.49389389389389393,0.5069264069264069,0.50625,0.012499999999999956
C1,B72,"{""C"": 3.79269019073225, ""gamma"": ""auto""}",0.5389713297795706,0.49375,0.4830680866339595,0.49318685062169987,0.49374999999999997,-0.012499999999999956
C3,B72,"{""C"": 16.23776739188721, ""gamma"": ""auto""}",0.5328022344240962,0.5,0.4949494949494949,0.5,0.5,0.0
C5,B72,"{""C"": 7.847599703514611, ""gamma"": ""auto""}",0.5513160305343512,0.475,0.4736842105263158,0.47474747474747475,0.475,-0.050000000000000044
C2,B72,"{""C"": 2.636650898730358, ""gamma"": ""auto""}",0.6046633705670512,0.54375,0.5259547871261009,0.5514800514800515,0.54375,0.08750000000000002
C4,B72,"{""C"": 7.847599703514611, ""gamma"": ""auto""}",0.6218417634362395,0.65,0.6464646464646464,0.65625,0.65,0.30000000000000004
C6,B72,"{""C"": 5.455594781168517, ""gamma"": ""auto""}",0.6437186862126554,0.69375,0.6883818911721451,0.7080886054707165,0.69375,0.38749999999999996
F4,B72,"{""C"": 1.8329807108324356, ""gamma"": ""auto""}",0.6140389428065678,0.50625,0.5029688175848374,0.5064195153265929,0.50625,0.012499999999999956
FC2,B72,"{""C"": 1.2742749857031335, ""gamma"": ""auto""}",0.5874355368026254,0.58125,0.5752605095289036,0.586106971352873,0.58125,0.16249999999999998
FC4,B72,"{""C"": 5.455594781168517, ""gamma"": ""auto""}",0.6203041570737639,0.59375,0.5866290393099884,0.6006880349051854,0.59375,0.1875
FC6,B72,"{""C"": 1.8329807108324356, ""gamma"": ""auto""}",0.6593450596243811,0.69375,0.6893696263718848,0.7053320086106971,0.69375,0.38749999999999996
CP2,B72,"{""C"": 0.8858667904100825, ""gamma"": ""auto""}",0.5796372124594984,0.5375,0.5228884590586719,0.5427350427350428,0.5375,0.07499999999999996
CP4,B72,"{""C"": 2.636650898730358, ""gamma"": ""auto""}",0.5984286764113469,0.6,0.5907928388746804,0.6098901098901099,0.6,0.19999999999999996
CP6,B72,"{""C"": 69.51927961775606, ""gamma"": ""auto""}",0.6166024818142919,0.65625,0.6562365717410836,0.6562744178777934,0.65625,0.3125
P4,B72,"{""C"": 1.8329807108324356, ""gamma"": ""auto""}",0.60625,0.675,0.6724925208628563,0.680528691166989,0.675,0.35
F3,B72,"{""C"": 69.51927961775606, ""gamma"": ""scale""}",0.5265336019044131,0.49375,0.49214310905599745,0.4936698844753917,0.49375,-0.012499999999999956
FC1,B72,"{""C"": 7.847599703514611, ""gamma"": ""auto""}",0.5249582482835405,0.49375,0.48796965746118287,0.4934544264441172,0.49375,-0.012499999999999956
FC3,B72,"{""C"": 23.357214690901213, ""gamma"": ""scale""}",0.5234270284259175,0.43125,0.4285490011381922,0.42992514731645165,0.43125,-0.13749999999999996
FC5,B72,"{""C"": 0.20691380811147897, ""gamma"": ""scale""}",0.5890196078431373,0.51875,0.5155518854940819,0.5192585459797785,0.51875,0.03749999999999998
CP1,B72,"{""C"": 0.8858667904100825, ""gamma"": ""auto""}",0.5452580997238439,0.54375,0.5341230904231982,0.5476920456481008,0.54375,0.08750000000000002
CP3,B72,"{""C"": 5.455594781168517, ""gamma"": ""auto""}",0.5590261828203951,0.5625,0.5555555555555556,0.5666666666666667,0.5625,0.125
CP5,B72,"{""C"": 3.79269019073225, ""gamma"": ""auto""}",0.5576707864477649,0.5625,0.5540691192865106,0.5676132521974306,0.5625,0.125
P3,B72,"{""C"": 0.42813323987193935, ""gamma"": ""auto""}",0.5781209030604368,0.60625,0.5887560687038472,0.6280361513839201,0.60625,0.21250000000000002
Fz,B73,"{""C"": 0.14384498882876628, ""gamma"": ""scale""}",0.5490090530951799,0.5875,0.578005115089514,0.5961538461538461,0.5875,0.17500000000000004
FCz,B73,"{""C"": 0.42813323987193935, ""gamma"": ""scale""}",0.5432506603294658,0.6125,0.6002578981302386,0.6282051282051282,0.6125,0.22499999999999998
Cz,B73,"{""C"": 1.2742749857031335, ""gamma"": ""auto""}",0.5661016949152542,0.625,0.6163682864450128,0.6373626373626373,0.625,0.25
CPz,B73,"{""C"": 0.14384498882876628, ""gamma"": ""scale""}",0.5734964082360666,0.59375,0.5936071275057637,0.593882021592865,0.59375,0.1875
Pz,B73,"{""C"": 0.14384498882876628, ""gamma"": ""auto""}",0.5646484660042397,0.60625,0.6036333608587944,0.6091317605520783,0.60625,0.21250000000000002
C1,B73,"{""C"": 0.14384498882876628, ""gamma"": ""auto""}",0.5434387709324646,0.59375,0.5680883757631131,0.6229760196761631,0.59375,0.1875
C3,B73,"{""C"": 0.14384498882876628, ""gamma"": ""auto""}",0.5118878916706031,0.5125,0.3971014492753623,0.5533333333333333,0.5125,0.025000000000000022
C5,B73,"{""C"": 0.14384498882876628, ""gamma"": ""scale""}",0.5062451781755681,0.575,0.575,0.575,0.575,0.15000000000000002
C2,B73,"{""C"": 0.14384498882876628, ""gamma"": ""scale""}",0.5980046876642088,0.59375,0.5924605196128375,0.5949517328691248,0.59375,0.1875
C4,B73,"{""C"": 0.6158482110660264, ""gamma"": ""auto""}",0.6421866264321935,0.63125,0.6305428358968338,0.632262635805385,0.6312500000000001,0.26249999999999996
C6,B73,"{""C"": 1.2742749857031335, ""gamma"": ""scale""}",0.6671866874674988,0.59375,0.5937341302394625,0.5937646507266761,0.59375,0.1875
F4,B73,"{""C"": 23.357214690901213, ""gamma"": ""auto""}",0.6124962157833572,0.5875,0.5858823529411765,0.5888888888888888,0.5875,0.17500000000000004
FC2,B73,"{""C"": 0.29763514416313175, ""gamma"": ""auto""}",0.5833405532520577,0.69375,0.6931626942194044,0.6952448433317587,0.6937500000000001,0.38749999999999996
FC4,B73,"{""C"": 0.42813323987193935, ""gamma"": ""auto""}",0.6311599511599512,0.65625,0.6561291078894924,0.6564700359881083,0.65625,0.3125
FC6,B73,"{""C"": 48.32930238571752, ""gamma"": ""auto""}",0.6937230811301776,0.60625,0.6050001959324425,0.6076119639183415,0.60625,0.21250000000000002
CP2,B73,"{""C"": 0.1, ""gamma"": ""scale""}",0.5806603035518698,0.625,0.6235294117647059,0.626984126984127,0.625,0.25
CP4,B73,"{""C"": 0.1, ""gamma"": ""scale""}",0.602363899651677,0.58125,0.5792613524863612,0.582815734989648,0.58125,0.16249999999999998
CP6,B73,"{""C"": 16.23776739188721, ""gamma"": ""auto""}",0.6389911090816298,0.65,0.6491228070175439,0.6515151515151515,0.6499999999999999,0.30000000000000004
P4,B73,"{""C"": 0.8858667904100825, ""gamma"": ""auto""}",0.6265615882851276,0.65625,0.6546175281604458,0.6592610288262462,0.65625,0.3125
F3,B73,"{""C"": 0.20691380811147897, ""gamma"": ""scale""}",0.5099684895603263,0.5375,0.5368486934751995,0.5377121307353865,0.5375,0.07499999999999996
FC1,B73,"{""C"": 0.1, ""gamma"": ""scale""}",0.532756604183606,0.54375,0.5208205128205128,0.5541062801932367,0.54375,0.08750000000000002
FC3,B73,"{""C"": 1.2742749857031335, ""gamma"": ""scale""}",0.49503511450381676,0.53125,0.5297621380148125,0.5316505776230416,0.53125,0.0625
FC5,B73,"{""C"": 0.6158482110660264, ""gamma"": ""auto""}",0.5580808080808081,0.49375,0.4789111816975594,0.4929465702697937,0.49375,-0.012499999999999956
CP1,B73,"{""C"": 0.1, ""gamma"": ""scale""}",0.5510027866085796,0.56875,0.5679229775742632,0.5692804282790112,0.5687500000000001,0.13749999999999996
CP3,B73,"{""C"": 0.14384498882876628, ""gamma"": ""scale""}",0.5558073432070063,0.625,0.6249413970932958,0.6250781738586617,0.625,0.25
CP5,B73,"{""C"": 0.42813323987193935, ""gamma"": ""auto""}",0.5423441122356276,0.5875,0.574468085106383,0.5997150997150997,0.5874999999999999,0.17500000000000004
P3,B73,"{""C"": 1.2742749857031335, ""gamma"": ""auto""}",0.5874637419304432,0.60625,0.6027586206896551,0.6101214574898786,0.60625,0.21250000000000002
Fz,B74,"{""C"": 0.1, ""gamma"": ""scale""}",0.5655189255189255,0.59375,0.5866290393099884,0.6006880349051854,0.59375,0.1875
FCz,B74,"{""C"": 0.42813323987193935, ""gamma"": ""auto""}",0.5600251414204902,0.5875,0.5874355368026254,0.5875547217010632,0.5874999999999999,0.17500000000000004
Cz,B74,"{""C"": 0.20691380811147897, ""gamma"": ""auto""}",0.5627383901537494,0.53125,0.5312316887378413,0.5312548835755586,0.53125,0.0625
CPz,B74,"{""C"": 0.29763514416313175, ""gamma"": ""auto""}",0.5511921458625526,0.53125,0.5312316887378413,0.5312548835755586,0.53125,0.0625
Pz,B74,"{""C"": 3.79269019073225, ""gamma"": ""auto""}",0.5591640531113522,0.55,0.5442316822282007,0.5526662277814351,0.55,0.09999999999999998
C1,B74,"{""C"": 0.20691380811147897, ""gamma"": ""scale""}",0.526552097091977,0.5125,0.4992778045257583,0.5139762403913347,0.5125,0.025000000000000022
C3,B74,"{""C"": 48.32930238571752, ""gamma"": ""auto""}",0.5166684647750566,0.475,0.47491795593061414,0.47498436522826765,0.475,-0.050000000000000044
C5,B74,"{""C"": 33.59818286283781, ""gamma"": ""scale""}",0.509375,0.525,0.5202020202020202,0.5260416666666667,0.525,0.050000000000000044
C2,B74,"{""C"": 0.20691380811147897, ""gamma"": ""auto""}",0.5865916320039148,0.56875,0.5649261083743843,0.571255060728745,0.56875,0.13749999999999996
C4,B74,"{""C"": 0.6158482110660264, ""gamma"": ""auto""}",0.6107769074642614,0.6125,0.6119543107494915,0.6131363922061597,0.6125,0.22499999999999998
C6,B74,"{""C"": 16.23776739188721, ""gamma"": ""auto""}",0.6358654909784405,0.6,0.595959595959596,0.6041666666666667,0.6,0.19999999999999996
F4,B74,"{""C"": 0.14384498882876628, ""gamma"": ""auto""}",0.6053061555433796,0.6125,0.6122576610381488,0.612781954887218,0.6125,0.22499999999999998
FC2,B74,"{""C"": 0.29763514416313175, ""gamma"": ""auto""}",0.6000774359866594,0.625,0.6247654784240151,0.62531328320802,0.625,0.25
FC4,B74,"{""C"": 2.636650898730358, ""gamma"": ""auto""}",0.6233924468503312,0.61875,0.6169394403234036,0.621038381907947,0.61875,0.23750000000000004
FC6,B74,"{""C"": 5.455594781168517, ""gamma"": ""auto""}",0.6483336141780165,0.61875,0.6169394403234036,0.621038381907947,0.61875,0.23750000000000004
CP2,B74,"{""C"": 0.29763514416313175, ""gamma"": ""scale""}",0.571858275713895,0.58125,0.5707707707707708,0.59004329004329,0.58125,0.16249999999999998
CP4,B74,"{""C"": 0.29763514416313175, ""gamma"": ""scale""}",0.6061115235825094,0.55,0.5413282369804109,0.5540906017579446,0.55,0.09999999999999998
CP6,B74,"{""C"": 2.636650898730358, ""gamma"": ""scale""}",0.6138503816793893,0.575,0.5733333333333333,0.5761904761904761,0.575,0.15000000000000002
P4,B74,"{""C"": 11.288378916846883, ""gamma"": ""auto""}",0.5978238278623388,0.5625,0.5391705069124424,0.5783699059561129,0.5625,0.125
F3,B74,"{""C"": 0.6158482110660264, ""gamma"": ""scale""}",0.5373870573870574,0.48125,0.4796034327363925,0.481009653426175,0.48124999999999996,-0.03750000000000009
FC1,B74,"{""C"": 0.20691380811147897, ""gamma"": ""scale""}",0.5308789178940373,0.53125,0.5230335068961405,0.5335626783017284,0.53125,0.0625
FC3,B74,"{""C"": 100.0, ""gamma"": ""auto""}",0.5105882352941176,0.46875,0.46622708897523446,0.4681477942347507,0.46875,-0.0625
FC5,B74,"{""C"": 0.29763514416313175, ""gamma"": ""scale""}",0.5561643701342143,0.49375,0.4903857496755928,0.49358048467340715,0.49374999999999997,-0.012499999999999956
CP1,B74,"{""C"": 0.1, ""gamma"": ""scale""}",0.535863738374543,0.55625,0.51813361611877,0.5822857142857143,0.55625,0.11250000000000004
CP3,B74,"{""C"": 11.288378916846883, ""gamma"": ""auto""}",0.5450625954198474,0.45625,0.45622875893589593,0.45624316299421785,0.45625000000000004,-0.08749999999999991
CP5,B74,"{""C"": 33.59818286283781, ""gamma"": ""auto""}",0.559220038294713,0.4875,0.48549019607843136,0.4873015873015873,0.48750000000000004,-0.02499999999999991
P3,B74,"{""C"": 2.636650898730358, ""gamma"": ""scale""}",0.5842735042735043,0.525,0.5249257696515081,0.5250156347717323,0.5249999999999999,0.050000000000000044
Fz,B75,"{""C"": 0.14384498882876628, ""gamma"": ""scale""}",0.592156862745098,0.44375,0.38618043881201775,0.40997749437359343,0.44375,-0.11250000000000004
FCz,B75,"{""C"": 0.6158482110660264, ""gamma"": ""scale""}",0.576478747017843,0.48125,0.46101708673241615,0.47793712079426365,0.48125,-0.03750000000000009
Cz,B75,"{""C"": 5.455594781168517, ""gamma"": ""auto""}",0.573411463101996,0.54375,0.5341230904231982,0.5476920456481008,0.54375,0.08750000000000002
CPz,B75,"{""C"": 1.2742749857031335, ""gamma"": ""auto""}",0.579661844595007,0.48125,0.47878645158758193,0.48088867654085043,0.48125,-0.03750000000000009
Pz,B75,"{""C"": 0.29763514416313175, ""gamma"": ""auto""}",0.5980046876642088,0.4375,0.4371482176360225,0.43734335839599,0.4375,-0.125
C1,B75,"{""C"": 0.42813323987193935, ""gamma"": ""scale""}",0.5527712350589822,0.4625,0.45835301527318534,0.46131528046421666,0.4625,-0.07499999999999996
C3,B75,"{""C"": 0.1, ""gamma"": ""scale""}",0.5502481928728046,0.45,0.4429498338344675,0.44733377221856485,0.45,-0.10000000000000009
C5,B75,"{""C"": 0.14384498882876628, ""gamma"": ""scale""}",0.5203113288850802,0.59375,0.5680883757631131,0.6229760196761631,0.59375,0.1875
C2,B75,"{""C"": 3.79269019073225, ""gamma"": ""auto""}",0.6140540197416446,0.53125,0.5270935960591133,0.5323886639676113,0.53125,0.0625
C4,B75,"{""C"": 2.636650898730358, ""gamma"": ""auto""}",0.6531216125157472,0.50625,0.5039051768122768,0.5063704411530499,0.50625,0.012499999999999956
C6,B75,"{""C"": 3.79269019073225, ""gamma"": ""auto""}",0.6859367332439776,0.525,0.5243310905961508,0.5251414204902577,0.525,0.050000000000000044
F4,B75,"{""C"": 16.23776739188721, ""gamma"": ""auto""}",0.64375,0.5375,0.5268542199488491,0.5412087912087913,0.5375,0.07499999999999996
FC2,B75,"{""C"": 0.20691380811147897, ""gamma"": ""scale""}",0.6154409825013922,0.4375,0.4,0.41666666666666663,0.4375,-0.125
FC4,B75,"{""C"": 7.847599703514611, ""gamma"": ""auto""}",0.6607975458624287,0.525,0.5223130106851037,0.5255754475703325,0.525,0.050000000000000044
FC6,B75,"{""C"": 0.8858667904100825, ""gamma"": ""auto""}",0.7030205931772888,0.55625,0.5558162267839688,0.5564705882352942,0.55625,0.11250000000000004
CP2,B75,"{""C"": 0.8858667904100825, ""gamma"": ""auto""}",0.6294260354595894,0.49375,0.49214310905599745,0.4936698844753917,0.49375,-0.012499999999999956
CP4,B75,"{""C"": 2.636650898730358, ""gamma"": ""auto""}",0.6546461857009261,0.4875,0.48549019607843136,0.4873015873015873,0.48750000000000004,-0.02499999999999991
CP6,B75,"{""C"": 23.357214690901213, ""gamma"": ""auto""}",0.6781218566587564,0.43125,0.4285490011381922,0.42992514731645165,0.43125,-0.13749999999999996
P4,B75,"{""C"": 2.636650898730358, ""gamma"": ""auto""}",0.6514595376075452,0.46875,0.4670637564167875,0.46834942237695837,0.46875,-0.0625
F3,B75,"{""C"": 0.29763514416313175, ""gamma"": ""scale""}",0.5562326653384897,0.49375,0.4581713282327856,0.4915236278872642,0.49375,-0.012499999999999956
FC1,B75,"{""C"": 0.14384498882876628, ""gamma"": ""scale""}",0.5623461373138994,0.41875,0.37790041389690204,0.38980716253443526,0.41875,-0.1625000000000001
FC3,B75,"{""C"": 0.8858667904100825, ""gamma"": ""scale""}",0.5514299878626254,0.53125,0.5281349534033266,0.5320975766329642,0.53125,0.0625
FC5,B75,"{""C"": 0.20691380811147897, ""gamma"": ""scale""}",0.5751425051012784,0.6,0.589151019098058,0.6118099231306778,0.6,0.19999999999999996
CP1,B75,"{""C"": 0.8858667904100825, ""gamma"": ""auto""}",0.5624316299421784,0.49375,0.4937302238368686,0.49374902328488823,0.49375,-0.012499999999999956
CP3,B75,"{""C"": 11.288378916846883, ""gamma"": ""auto""}",0.5608077581512116,0.50625,0.5057673509286412,0.5062745098039216,0.50625,0.012499999999999956
CP5,B75,"{""C"": 100.0, ""gamma"": ""auto""}",0.579661844595007,0.4875,0.4823232323232323,0.48697916666666663,0.48750000000000004,-0.02499999999999991
P3,B75,"{""C"": 11.288378916846883, ""gamma"": ""auto""}",0.6107769074642614,0.5,0.4920634920634921,0.5,0.5,0.0
Fz,B76,"{""C"": 100.0, ""gamma"": ""auto""}",0.5513160305343512,0.425,0.42419026756376155,0.4245757385292269,0.42500000000000004,-0.1499999999999999
FCz,B76,"{""C"": 0.1, ""gamma"": ""scale""}",0.5499956054258341,0.475,0.4075119026626697,0.45407577497129736,0.475,-0.050000000000000044
Cz,B76,"{""C"": 0.1, ""gamma"": ""scale""}",0.5496437611782758,0.5125,0.42636514065085496,0.5312989045383412,0.5125,0.025000000000000022
CPz,B76,"{""C"": 0.29763514416313175, ""gamma"": ""auto""}",0.550507905510732,0.54375,0.5435895431987808,0.5438116100766703,0.54375,0.08750000000000002
Pz,B76,"{""C"": 0.29763514416313175, ""gamma"": ""auto""}",0.5890374168345236,0.58125,0.5804469492387774,0.581876869784286,0.58125,0.16249999999999998
C1,B76,"{""C"": 0.1, ""gamma"": ""scale""}",0.5437098963776112,0.51875,0.43044704359484076,0.5493624023035788,0.51875,0.03749999999999998
C3,B76,"{""C"": 7.847599703514611, ""gamma"": ""auto""}",0.537047898338221,0.45,0.44922547332185886,0.4497171590194846,0.44999999999999996,-0.10000000000000009
C5,B76,"{""C"": 0.42813323987193935, ""gamma"": ""scale""}",0.5278990923391076,0.5625,0.5622263914946841,0.56265664160401,0.5625,0.125
C2,B76,"{""C"": 0.1, ""gamma"": ""scale""}",0.5842735042735043,0.58125,0.5602051282051282,0.6004830917874396,0.58125,0.16249999999999998
C4,B76,"{""C"": 0.20691380811147897, ""gamma"": ""scale""}",0.6154898206400687,0.53125,0.5258978309825768,0.5327278677794142,0.53125,0.0625
C6,B76,"{""C"": 0.8858667904100825, ""gamma"": ""auto""}",0.6562466430336233,0.6,0.5936507936507937,0.6066666666666667,0.6,0.19999999999999996
F4,B76,"{""C"": 0.20691380811147897, ""gamma"": ""scale""}",0.5938041408648815,0.5125,0.5031055900621118,0.5135226504394861,0.5125,0.025000000000000022
FC2,B76,"{""C"": 0.29763514416313175, ""gamma"": ""auto""}",0.5658341042244834,0.51875,0.5155518854940819,0.5192585459797785,0.51875,0.03749999999999998
FC4,B76,"{""C"": 0.14384498882876628, ""gamma"": ""auto""}",0.6030584503295997,0.5375,0.5328282828282829,0.5390625,0.5375,0.07499999999999996
FC6,B76,"{""C"": 0.8858667904100825, ""gamma"": ""auto""}",0.6606384044531435,0.53125,0.5303510625807208,0.5314911037631869,0.53125,0.0625
CP2,B76,"{""C"": 0.14384498882876628, ""gamma"": ""auto""}",0.594781635597962,0.5625,0.5600251414204902,0.5639386189258312,0.5625,0.125
CP4,B76,"{""C"": 0.29763514416313175, ""gamma"": ""scale""}",0.6123637216208824,0.56875,0.5683284457478006,0.5690196078431373,0.56875,0.13749999999999996
CP6,B76,"{""C"": 1.2742749857031335, ""gamma"": ""auto""}",0.6265615882851276,0.59375,0.5929709209032914,0.5944733112895606,0.59375,0.1875
P4,B76,"{""C"": 0.14384498882876628, ""gamma"": ""auto""}",0.6202374004624938,0.6125,0.6124394436630723,0.6125703564727956,0.6125,0.22499999999999998
F3,B76,"{""C"": 1.2742749857031335, ""gamma"": ""scale""}",0.5276637341153471,0.4875,0.48677828195900485,0.48742928975487115,0.48750000000000004,-0.02499999999999991
FC1,B76,"{""C"": 0.14384498882876628, ""gamma"": ""scale""}",0.5373870573870574,0.48125,0.4275615328246907,0.46999249812453114,0.48124999999999996,-0.03750000000000009
FC3,B76,"{""C"": 3.79269019073225, ""gamma"": ""scale""}",0.5187076989188504,0.48125,0.4807429130009775,0.4811764705882353,0.48124999999999996,-0.03750000000000009
FC5,B76,"{""C"": 0.29763514416313175, ""gamma"": ""scale""}",0.5576470588235294,0.575,0.574933583372402,0.5750469043151969,0.575,0.15000000000000002
CP1,B76,"{""C"": 0.8858667904100825, ""gamma"": ""auto""}",0.5604642693916058,0.525,0.5247029393370857,0.525062656641604,0.525,0.050000000000000044
CP3,B76,"{""C"": 0.42813323987193935, ""gamma"": ""auto""}",0.5480391653776888,0.50625,0.5053031192516927,0.5062982207526374,0.5062500000000001,0.012499999999999956
CP5,B76,"{""C"": 1.8329807108324356, ""gamma"": ""auto""}",0.5561416361416361,0.49375,0.49134581419992934,0.49362955884695014,0.49375,-0.012499999999999956
P3,B76,"{""C"": 0.6158482110660264, ""gamma"": ""auto""}",0.6231053247613253,0.51875,0.5182795698924731,0.5188235294117647,0.51875,0.03749999999999998
Fz,B77,"{""C"": 0.6158482110660264, ""gamma"": ""scale""}",0.5732614286656359,0.475,0.45587044534412957,0.47090909090909094,0.475,-0.050000000000000044
FCz,B77,"{""C"": 0.1, ""gamma"": ""auto""}",0.5828114814733434,0.4875,0.48549019607843136,0.4873015873015873,0.48750000000000004,-0.02499999999999991
Cz,B77,"{""C"": 0.1, ""gamma"": ""auto""}",0.5858151455874416,0.50625,0.5057673509286412,0.5062745098039216,0.50625,0.012499999999999956
CPz,B77,"{""C"": 0.20691380811147897, ""gamma"": ""auto""}",0.5702275108114642,0.55,0.549929676511955,0.5500312695434647,0.55,0.09999999999999998
Pz,B77,"{""C"": 0.8858667904100825, ""gamma"": ""auto""}",0.5823628467172909,0.55625,0.5562326653384897,0.5562587904360057,0.55625,0.11250000000000004
C1,B77,"{""C"": 1.8329807108324356, ""gamma"": ""auto""}",0.5590994371482176,0.48125,0.47665024630541875,0.4805668016194332,0.48124999999999996,-0.03750000000000009
C3,B77,"{""C"": 5.455594781168517, ""gamma"": ""auto""}",0.5372785805707809,0.525,0.5213352227995591,0.5257898130238556,0.525,0.050000000000000044
C5,B77,"{""C"": 3.79269019073225, ""gamma"": ""auto""}",0.5238095238095238,0.53125,0.5230335068961405,0.5335626783017284,0.53125,0.0625
C2,B77,"{""C"": 0.20691380811147897, ""gamma"": ""auto""}",0.6056859380791426,0.54375,0.5435895431987808,0.5438116100766703,0.54375,0.08750000000000002
C4,B77,"{""C"": 0.20691380811147897, ""gamma"": ""auto""}",0.6480585786943462,0.58125,0.5808406647116324,0.5815686274509804,0.58125,0.16249999999999998
C6,B77,"{""C"": 1.2742749857031335, ""gamma"": ""auto""}",0.6562466430336233,0.6,0.5948726064250673,0.6053324555628703,0.6,0.19999999999999996
F4,B77,"{""C"": 16.23776739188721, ""gamma"": ""auto""}",0.635787226663345,0.53125,0.530791788856305,0.5313725490196078,0.53125,0.0625
FC2,B77,"{""C"": 0.1, ""gamma"": ""auto""}",0.6174875484228002,0.55,0.5474544311753614,0.551150895140665,0.55,0.09999999999999998
FC4,B77,"{""C"": 0.42813323987193935, ""gamma"": ""scale""}",0.6390193162756287,0.59375,0.5891114535182331,0.5981836033382425,0.59375,0.1875
FC6,B77,"{""C"": 2.636650898730358, ""gamma"": ""auto""}",0.6731494310170829,0.66875,0.6684261974584556,0.6694117647058824,0.66875,0.3375
CP2,B77,"{""C"": 0.20691380811147897, ""gamma"": ""auto""}",0.6007427359397591,0.58125,0.5775369458128079,0.5842105263157895,0.58125,0.16249999999999998
CP4,B77,"{""C"": 0.1, ""gamma"": ""auto""}",0.6186159196592552,0.54375,0.5437321770381656,0.5437568370057821,0.54375,0.08750000000000002
CP6,B77,"{""C"": 0.29763514416313175, ""gamma"": ""auto""}",0.6374964599263664,0.6,0.5994367078704428,0.6005656819610308,0.6,0.19999999999999996
P4,B77,"{""C"": 16.23776739188721, ""gamma"": ""auto""}",0.6170294872640323,0.6125,0.6115288220551378,0.6136363636363636,0.6125,0.22499999999999998
F3,B77,"{""C"": 16.23776739188721, ""gamma"": ""auto""}",0.5288158553464676,0.45625,0.45622875893589593,0.45624316299421785,0.45625000000000004,-0.08749999999999991
FC1,B77,"{""C"": 7.847599703514611, ""gamma"": ""auto""}",0.5305898920356752,0.4625,0.45707070707070707,0.4609375,0.4625,-0.07499999999999996
FC3,B77,"{""C"": 2.636650898730358, ""gamma"": ""auto""}",0.5109076481718855,0.4875,0.48354589828373484,0.4871050934880722,0.4875,-0.02499999999999991
FC5,B77,"{""C"": 0.42813323987193935, ""gamma"": ""auto""}",0.5595926231764382,0.55,0.5428571428571428,0.5533333333333333,0.55,0.09999999999999998
CP1,B77,"{""C"": 1.8329807108324356, ""gamma"": ""auto""}",0.5671864433262777,0.54375,0.541583264649319,0.544593088071349,0.54375,0.08750000000000002
CP3,B77,"{""C"": 0.8858667904100825, ""gamma"": ""auto""}",0.544911408736704,0.525,0.5174603174603174,0.5266666666666666,0.525,0.050000000000000044
CP5,B77,"{""C"": 5.455594781168517, ""gamma"": ""auto""}",0.5483481840891387,0.51875,0.510314400413371,0.5201376069810371,0.51875,0.03749999999999998
P3,B77,"{""C"": 0.42813323987193935, ""gamma"": ""auto""}",0.5951929158760279,0.53125,0.517510353423666,0.5352671486510315,0.53125,0.0625
Fz,B78,"{""C"": 0.1, ""gamma"": ""scale""}",0.5520050125313283,0.50625,0.5046827853756025,0.5063301155246083,0.50625,0.012499999999999956
FCz,B78,"{""C"": 0.14384498882876628, ""gamma"": ""scale""}",0.570009112875051,0.49375,0.49214310905599745,0.4936698844753917,0.49375,-0.012499999999999956
Cz,B78,"{""C"": 0.1, ""gamma"": ""auto""}",0.5636247810160854,0.51875,0.5046439628482973,0.5211602891906189,0.51875,0.03749999999999998
CPz,B78,"{""C"": 0.1, ""gamma"": ""scale""}",0.571318162301417,0.50625,0.5060763549685436,0.5062588014395243,0.50625,0.012499999999999956
Pz,B78,"{""C"": 0.1, ""gamma"": ""auto""}",0.5898399279871629,0.5125,0.5047619047619047,0.5133333333333334,0.5125,0.025000000000000022
C1,B78,"{""C"": 0.1, ""gamma"": ""scale""}",0.5531075432634087,0.46875,0.46773120425815035,0.4685088962368131,0.46875,-0.0625
C3,B78,"{""C"": 1.2742749857031335, ""gamma"": ""scale""}",0.5156202697291965,0.525,0.5223130106851037,0.5255754475703325,0.525,0.050000000000000044
C5,B78,"{""C"": 0.6158482110660264, ""gamma"": ""scale""}",0.5139189067082806,0.575,0.5725958516656191,0.5767263427109974,0.575,0.15000000000000002
C2,B78,"{""C"": 0.1, ""gamma"": ""scale""}",0.6199775681203404,0.5,0.49359075803133406,0.5,0.5,0.0
C4,B78,"{""C"": 0.20691380811147897, ""gamma"": ""auto""}",0.649996581997871,0.5375,0.5228884590586719,0.5427350427350428,0.5375,0.07499999999999996
C6,B78,"{""C"": 48.32930238571752, ""gamma"": ""auto""}",0.6609300497325381,0.46875,0.464039408866995,0.4676113360323887,0.46875,-0.0625
F4,B78,"{""C"": 1.2742749857031335, ""gamma"": ""scale""}",0.5952877983275346,0.55625,0.553301089221816,0.5577756379393355,0.5562499999999999,0.11250000000000004
FC2,B78,"{""C"": 0.1, ""gamma"": ""scale""}",0.6182131121890158,0.5125,0.5062509890805508,0.5131665569453587,0.5125,0.025000000000000022
FC4,B78,"{""C"": 0.1, ""gamma"": ""scale""}",0.62181590873574,0.5,0.4842037395228885,0.5,0.5,0.0
FC6,B78,"{""C"": 1.2742749857031335, ""gamma"": ""scale""}",0.6560350218886805,0.5125,0.4992778045257583,0.5139762403913347,0.5125,0.025000000000000022
CP2,B78,"{""C"": 0.1, ""gamma"": ""scale""}",0.6105181604217431,0.5,0.497171590194846,0.5,0.5,0.0
CP4,B78,"{""C"": 0.29763514416313175, ""gamma"": ""auto""}",0.6124848626899488,0.53125,0.5213593394758884,0.5340657468915007,0.53125,0.0625
CP6,B78,"{""C"": 0.6158482110660264, ""gamma"": ""auto""}",0.6389558438894303,0.55,0.5454545454545454,0.5520833333333333,0.55,0.09999999999999998
P4,B78,"{""C"": 0.14384498882876628, ""gamma"": ""scale""}",0.6320570311601702,0.475,0.43614700453096156,0.4654874892148404,0.47500000000000003,-0.050000000000000044
F3,B78,"{""C"": 0.1, ""gamma"": ""scale""}",0.5432102386609177,0.56875,0.557957957957958,0.5761904761904761,0.56875,0.13749999999999996
FC1,B78,"{""C"": 0.1, ""gamma"": ""scale""}",0.5404050766480054,0.51875,0.5155518854940819,0.5192585459797785,0.51875,0.03749999999999998
FC3,B78,"{""C"": 0.14384498882876628, ""gamma"": ""scale""}",0.5169882104676978,0.56875,0.5683284457478006,0.5690196078431373,0.56875,0.13749999999999996
FC5,B78,"{""C"": 0.42813323987193935, ""gamma"": ""scale""}",0.5658841571310606,0.55,0.5413282369804109,0.5540906017579446,0.55,0.09999999999999998
CP1,B78,"{""C"": 0.1, ""gamma"": ""scale""}",0.5606653233771878,0.53125,0.5312316887378413,0.5312548835755586,0.53125,0.0625
CP3,B78,"{""C"": 0.20691380811147897, ""gamma"": ""scale""}",0.5629064346586692,0.56875,0.5679229775742632,0.5692804282790112,0.5687500000000001,0.13749999999999996
CP5,B78,"{""C"": 0.1, ""gamma"": ""scale""}",0.5573174269075438,0.5125,0.4050343249427918,0.545045045045045,0.5125,0.025000000000000022
P3,B78,"{""C"": 0.14384498882876628, ""gamma"": ""scale""}",0.6068825161887141,0.6125,0.6124394436630723,0.6125703564727956,0.6125,0.22499999999999998
Fz,B79,"{""C"": 0.42813323987193935, ""gamma"": ""scale""}",0.5733531289146535,0.69375,0.6937380366420562,0.6937802781684639,0.69375,0.38749999999999996
FCz,B79,"{""C"": 0.8858667904100825, ""gamma"": ""scale""}",0.5698493739597565,0.64375,0.6348348348348348,0.6593073593073593,0.64375,0.2875
Cz,B79,"{""C"": 5.455594781168517, ""gamma"": ""auto""}",0.5726769567907726,0.59375,0.5779049474410487,0.6103143960286816,0.59375,0.1875
CPz,B79,"{""C"": 0.20691380811147897, ""gamma"": ""scale""}",0.5842288304482044,0.6625,0.6620247222656861,0.6634192331866751,0.6625,0.32499999999999996
Pz,B79,"{""C"": 0.6158482110660264, ""gamma"": ""auto""}",0.6044083838450469,0.6125,0.6124394436630723,0.6125703564727956,0.6125,0.22499999999999998
C1,B79,"{""C"": 0.29763514416313175, ""gamma"": ""scale""}",0.5388091603053435,0.58125,0.5739099328272188,0.587262963584494,0.58125,0.16249999999999998
C3,B79,"{""C"": 0.29763514416313175, ""gamma"": ""scale""}",0.5140518224277388,0.575,0.575,0.575,0.575,0.15000000000000002
C5,B79,"{""C"": 16.23776739188721, ""gamma"": ""scale""}",0.526552097091977,0.39375,0.3850786481239352,0.38739857592316607,0.39375,-0.2124999999999999
C2,B79,"{""C"": 0.29763514416313175, ""gamma"": ""scale""}",0.6156212463012334,0.70625,0.7053176064892825,0.7088938123120747,0.70625,0.4125
C4,B79,"{""C"": 0.1, ""gamma"": ""scale""}",0.6411141720232629,0.78125,0.7808304958710031,0.783419933868682,0.78125,0.5625
C6,B79,"{""C"": 0.29763514416313175, ""gamma"": ""scale""}",0.6559570535431564,0.79375,0.7937419430446502,0.7937959056102516,0.79375,0.5875
F4,B79,"{""C"": 0.8858667904100825, ""gamma"": ""auto""}",0.6250235953706496,0.75,0.7485857950974231,0.7557544757033248,0.75,0.5
FC2,B79,"{""C"": 0.8858667904100825, ""gamma"": ""scale""}",0.6076506175643759,0.7,0.6942188246536073,0.7163624070317782,0.7,0.4
FC4,B79,"{""C"": 0.42813323987193935, ""gamma"": ""scale""}",0.6387441079662495,0.775,0.7737272155876807,0.7813299232736572,0.7749999999999999,0.55
FC6,B79,"{""C"": 0.20691380811147897, ""gamma"": ""auto""}",0.6625,0.825,0.8245614035087719,0.8282828282828283,0.825,0.65
CP2,B79,"{""C"": 7.847599703514611, ""gamma"": ""auto""}",0.611859416419677,0.64375,0.6430668075613479,0.6448590773106597,0.64375,0.2875
CP4,B79,"{""C"": 1.2742749857031335, ""gamma"": ""auto""}",0.6497811131957474,0.63125,0.6279802955665024,0.6360323886639676,0.63125,0.26249999999999996
CP6,B79,"{""C"": 0.8858667904100825, ""gamma"": ""auto""}",0.6545449660626577,0.70625,0.7062385249423806,0.7062822315986873,0.70625,0.4125
P4,B79,"{""C"": 0.8858667904100825, ""gamma"": ""scale""}",0.6358939423905692,0.66875,0.6676985775304675,0.6709131191644248,0.66875,0.3375
F3,B79,"{""C"": 11.288378916846883, ""gamma"": ""scale""}",0.5318512864548548,0.55,0.5428571428571428,0.5533333333333333,0.55,0.09999999999999998
FC1,B79,"{""C"": 0.8858667904100825, ""gamma"": ""scale""}",0.5251423324150597,0.625,0.6244719136285402,0.6257071024512885,0.625,0.25
FC3,B79,"{""C"": 7.847599703514611, ""gamma"": ""scale""}",0.5327839833974242,0.53125,0.5213593394758884,0.5340657468915007,0.53125,0.0625
FC5,B79,"{""C"": 5.455594781168517, ""gamma"": ""scale""}",0.5855722450695071,0.4875,0.4757033248081841,0.48626373626373626,0.4875,-0.02499999999999991
CP1,B79,"{""C"": 0.42813323987193935, ""gamma"": ""auto""}",0.5755666982348724,0.59375,0.5891114535182331,0.5981836033382425,0.59375,0.1875
CP3,B79,"{""C"": 0.6158482110660264, ""gamma"": ""scale""}",0.5654722363330859,0.5375,0.5328282828282829,0.5390625,0.5375,0.07499999999999996
CP5,B79,"{""C"": 3.79269019073225, ""gamma"": ""scale""}",0.5513773993664378,0.49375,0.49277914758717856,0.4937017792473626,0.49375,-0.012499999999999956
P3,B79,"{""C"": 2.636650898730358, ""gamma"": ""scale""}",0.5984129890740402,0.6125,0.6035805626598465,0.6236263736263736,0.6125,0.22499999999999998
Fz,B80,"{""C"": 0.1, ""gamma"": ""scale""}",0.5696558469344092,0.4875,0.4413217509793902,0.4813258636788048,0.48750000000000004,-0.02499999999999991
FCz,B80,"{""C"": 0.14384498882876628, ""gamma"": ""scale""}",0.5398655984975202,0.46875,0.4387355041063101,0.46024647187437884,0.46875,-0.0625
Cz,B80,"{""C"": 0.14384498882876628, ""gamma"": ""scale""}",0.551079164823455,0.45625,0.4219029029444744,0.44261119081779055,0.45625,-0.08749999999999991
CPz,B80,"{""C"": 0.42813323987193935, ""gamma"": ""scale""}",0.5558987089396886,0.425,0.39433838051349573,0.4059561128526646,0.42500000000000004,-0.1499999999999999
Pz,B80,"{""C"": 0.20691380811147897, ""gamma"": ""scale""}",0.5479507966340713,0.46875,0.4451470768226511,0.46234230841649404,0.46875,-0.0625
C1,B80,"{""C"": 0.1, ""gamma"": ""scale""}",0.5103914318500573,0.4625,0.42666666666666664,0.44999999999999996,0.4625,-0.07499999999999996
C3,B80,"{""C"": 48.32930238571752, ""gamma"": ""scale""}",0.5233804825284274,0.45,0.4444444444444444,0.44791666666666663,0.45,-0.10000000000000009
C5,B80,"{""C"": 69.51927961775606, ""gamma"": ""scale""}",0.5437455443900819,0.49375,0.4789111816975594,0.4929465702697937,0.49375,-0.012499999999999956
C2,B80,"{""C"": 2.636650898730358, ""gamma"": ""auto""}",0.5637546999714154,0.4875,0.48354589828373484,0.4871050934880722,0.4875,-0.02499999999999991
C4,B80,"{""C"": 0.14384498882876628, ""gamma"": ""auto""}",0.602566108590205,0.48125,0.4682682682682683,0.4792207792207792,0.48124999999999996,-0.03750000000000009
C6,B80,"{""C"": 48.32930238571752, ""gamma"": ""auto""}",0.6312175874832748,0.55625,0.5548414906540224,0.5569710397214749,0.55625,0.11250000000000004
F4,B80,"{""C"": 11.288378916846883, ""gamma"": ""auto""}",0.5984365196204092,0.525,0.5238095238095238,0.5252525252525253,0.5249999999999999,0.050000000000000044
FC2,B80,"{""C"": 0.1, ""gamma"": ""scale""}",0.565608031563733,0.45625,0.4219029029444744,0.44261119081779055,0.45625,-0.08749999999999991
FC4,B80,"{""C"": 0.6158482110660264, ""gamma"": ""scale""}",0.6167748968005103,0.53125,0.5290239020369716,0.5318522057652493,0.53125,0.0625
FC6,B80,"{""C"": 16.23776739188721, ""gamma"": ""auto""}",0.6418718646072344,0.5875,0.5872420262664164,0.5877192982456141,0.5875,0.17500000000000004
CP2,B80,"{""C"": 0.29763514416313175, ""gamma"": ""scale""}",0.5654722363330859,0.44375,0.4123230572407247,0.4284436493738819,0.44375000000000003,-0.11250000000000004
CP4,B80,"{""C"": 33.59818286283781, ""gamma"": ""auto""}",0.579661844595007,0.53125,0.5230335068961405,0.5335626783017284,0.53125,0.0625
CP6,B80,"{""C"": 69.51927961775606, ""gamma"": ""auto""}",0.6187164887538943,0.5625,0.5568919132774173,0.5658327847267939,0.5625,0.125
P4,B80,"{""C"": 7.847599703514611, ""gamma"": ""auto""}",0.5921865043615829,0.55,0.5474544311753614,0.551150895140665,0.55,0.09999999999999998
F3,B80,"{""C"": 0.1, ""gamma"": ""scale""}",0.5300577850142068,0.51875,0.5132551064754455,0.5196367206676484,0.51875,0.03749999999999998
FC1,B80,"{""C"": 0.1, ""gamma"": ""scale""}",0.5368486934751995,0.475,0.4436164927968207,0.46771589991928975,0.475,-0.050000000000000044
FC3,B80,"{""C"": 100.0, ""gamma"": ""auto""}",0.5003903200624512,0.41875,0.41043622964459764,0.413893028647127,0.41874999999999996,-0.1625000000000001
FC5,B80,"{""C"": 0.20691380811147897, ""gamma"": ""scale""}",0.5832913594382296,0.5625,0.5580808080808081,0.5651041666666667,0.5625,0.125
CP1,B80,"{""C"": 0.1, ""gamma"": ""scale""}",0.5341837888876867,0.46875,0.4185797956478987,0.45227869243617275,0.46875,-0.0625
CP3,B80,"{""C"": 1.8329807108324356, ""gamma"": ""auto""}",0.5265613441439065,0.49375,0.49214310905599745,0.4936698844753917,0.49375,-0.012499999999999956
CP5,B80,"{""C"": 16.23776739188721, ""gamma"": ""auto""}",0.5513160305343512,0.5375,0.5328282828282829,0.5390625,0.5375,0.07499999999999996
P3,B80,"{""C"": 0.8858667904100825, ""gamma"": ""scale""}",0.5825179386823223,0.5125,0.5097423004399748,0.5127877237851662,0.5125,0.025000000000000022
Fz,B81,"{""C"": 0.20691380811147897, ""gamma"": ""scale""}",0.5594651067655323,0.51875,0.49156039783748096,0.5238521168753727,0.51875,0.03749999999999998
FCz,B81,"{""C"": 0.29763514416313175, ""gamma"": ""scale""}",0.5675294532420601,0.50625,0.48143589743589743,0.5077294685990338,0.50625,0.012499999999999956
Cz,B81,"{""C"": 0.8858667904100825, ""gamma"": ""auto""}",0.5764373752988554,0.50625,0.4638388123011665,0.5091428571428571,0.50625,0.012499999999999956
CPz,B81,"{""C"": 0.14384498882876628, ""gamma"": ""scale""}",0.5803526040093419,0.50625,0.4638388123011665,0.5091428571428571,0.50625,0.012499999999999956
Pz,B81,"{""C"": 0.6158482110660264, ""gamma"": ""auto""}",0.5858151455874416,0.525,0.4689028651292802,0.5432900432900433,0.525,0.050000000000000044
C1,B81,"{""C"": 0.20691380811147897, ""gamma"": ""scale""}",0.5562156367105664,0.46875,0.4273925308408067,0.4560536145902,0.46875,-0.0625
C3,B81,"{""C"": 16.23776739188721, ""gamma"": ""auto""}",0.5292726255317797,0.48125,0.47215708096506215,0.47986239301896294,0.48125,-0.03750000000000009
C5,B81,"{""C"": 0.14384498882876628, ""gamma"": ""scale""}",0.5296312302985464,0.56875,0.535177466211949,0.5966820479015601,0.56875,0.13749999999999996
C2,B81,"{""C"": 0.8858667904100825, ""gamma"": ""auto""}",0.60625,0.56875,0.5384422425686692,0.5932400932400932,0.56875,0.13749999999999996
C4,B81,"{""C"": 1.2742749857031335, ""gamma"": ""auto""}",0.6328116035439539,0.61875,0.5972101852998225,0.6510634068773604,0.61875,0.23750000000000004
C6,B81,"{""C"": 0.8858667904100825, ""gamma"": ""auto""}",0.6467059432736368,0.65,0.637246963562753,0.6745454545454546,0.65,0.30000000000000004
F4,B81,"{""C"": 0.42813323987193935, ""gamma"": ""auto""}",0.5942336926055847,0.61875,0.5995897435897436,0.6468599033816425,0.61875,0.23750000000000004
FC2,B81,"{""C"": 0.6158482110660264, ""gamma"": ""auto""}",0.6078115425086488,0.5625,0.5418098510882016,0.57627765064836,0.5625,0.125
FC4,B81,"{""C"": 0.6158482110660264, ""gamma"": ""auto""}",0.635680448363225,0.65,0.6354166666666667,0.6785714285714286,0.65,0.30000000000000004
FC6,B81,"{""C"": 1.2742749857031335, ""gamma"": ""auto""}",0.6656217345872518,0.68125,0.6704228765297467,0.7086706242129879,0.68125,0.36250000000000004
CP2,B81,"{""C"": 0.14384498882876628, ""gamma"": ""scale""}",0.5980832716334465,0.53125,0.5016404335728228,0.540992006558721,0.53125,0.0625
CP4,B81,"{""C"": 0.14384498882876628, ""gamma"": ""scale""}",0.6201557771639177,0.59375,0.5779049474410487,0.6103143960286816,0.59375,0.1875
CP6,B81,"{""C"": 0.14384498882876628, ""gamma"": ""scale""}",0.6264083569636887,0.64375,0.6375054652410668,0.654388320187951,0.64375,0.2875
P4,B81,"{""C"": 0.20691380811147897, ""gamma"": ""auto""}",0.6197322574729507,0.5875,0.5703125,0.6041666666666667,0.5875,0.17500000000000004
F3,B81,"{""C"": 1.8329807108324356, ""gamma"": ""auto""}",0.5345523394415121,0.5125,0.5031055900621118,0.5135226504394861,0.5125,0.025000000000000022
FC1,B81,"{""C"": 0.29763514416313175, ""gamma"": ""scale""}",0.5524956970740103,0.46875,0.45070479421624454,0.4640223061701745,0.46875,-0.0625
FC3,B81,"{""C"": 2.636650898730358, ""gamma"": ""auto""}",0.5172469711227792,0.50625,0.5046827853756025,0.5063301155246083,0.50625,0.012499999999999956
FC5,B81,"{""C"": 11.288378916846883, ""gamma"": ""auto""}",0.5756912997634303,0.575,0.5682539682539682,0.5800000000000001,0.575,0.15000000000000002
CP1,B81,"{""C"": 0.6158482110660264, ""gamma"": ""auto""}",0.5858151455874416,0.49375,0.44135523082891503,0.4899974993748437,0.49375,-0.012499999999999956
CP3,B81,"{""C"": 0.29763514416313175, ""gamma"": ""scale""}",0.5747445280716532,0.4875,0.44557133198106824,0.482078853046595,0.4875,-0.02499999999999991
CP5,B81,"{""C"": 1.2742749857031335, ""gamma"": ""auto""}",0.5741849634065204,0.50625,0.501871921182266,0.5064777327935223,0.50625,0.012499999999999956
P3,B81,"{""C"": 0.14384498882876628, ""gamma"": ""scale""}",0.6026427816984152,0.49375,0.4201601718043935,0.4873056172643605,0.49375,-0.012499999999999956
